1,D01,33.6666666666666667,1.6666666666666667,34.8333333333333360,90.0
1,D02,34.3333333333333333,1.3333333333333333,35.6666666666666640,90.0
1,D03,34.6666666666666667,1.6666666666666667,36.5000000000000000,90.0
1,D04,33.3333333333333333,1.6666666666666667,37.3333333333333360,90.0
1,D05,33.0000000000000000,1.3333333333333333,38.1666666666666640,90.0
1,D06,33.6666666666666667,1.00000000000000000000,39.0000000000000000,90.0
1,D07,34.0000000000000000,1.3333333333333333,39.8333333333333360,90.0
1,D08,33.0000000000000000,1.00000000000000000000,40.6666666666666640,90.0
1,D09,34.3333333333333333,1.6666666666666667,41.5000000000000000,90.0
1,D10,33.3333333333333333,1.00000000000000000000,42.3333333333333300,90.0
2,D01,35.3333333333333333,0.33333333333333333333,34.8333333333333360,90.0
2,D02,34.6666666666666667,0.66666666666666666667,35.6666666666666640,90.0
2,D03,35.3333333333333333,0.66666666666666666667,36.5000000000000000,90.0
2,D04,34.3333333333333333,1.00000000000000000000,37.3333333333333360,90.0
2,D05,34.3333333333333333,0.66666666666666666667,38.1666666666666640,90.0
2,D06,35.0000000000000000,0.66666666666666666667,39.0000000000000000,90.0
2,D07,35.3333333333333333,0.33333333333333333333,39.8333333333333360,90.0
2,D08,35.0000000000000000,0.33333333333333333333,40.6666666666666640,90.0
2,D09,35.0000000000000000,0.33333333333333333333,41.5000000000000000,90.0
2,D10,35.3333333333333333,0.66666666666666666667,42.3333333333333300,90.0
3,D01,31.3333333333333333,1.6666666666666667,34.8333333333333360,34.0
3,D02,35.3333333333333333,1.00000000000000000000,35.6666666666666640,16.0
3,D03,35.3333333333333333,0.66666666666666666667,36.5000000000000000,17.0
3,D04,28.6666666666666667,2.0000000000000000,37.3333333333333360,16.0
3,D05,30.3333333333333333,2.3333333333333333,38.1666666666666640,32.0
3,D06,35.6666666666666667,0.66666666666666666667,39.0000000000000000,17.0
3,D07,31.0000000000000000,1.6666666666666667,39.8333333333333360,34.0
3,D08,33.0000000000000000,1.6666666666666667,40.6666666666666640,33.0
3,D09,34.6666666666666667,1.3333333333333333,41.5000000000000000,33.0
3,D10,35.0000000000000000,1.00000000000000000000,42.3333333333333300,17.0
4,D01,32.6666666666666667,1.6666666666666667,34.8333333333333360,10.0
4,D02,33.0000000000000000,2.0000000000000000,35.6666666666666640,16.0
4,D03,32.6666666666666667,1.3333333333333333,36.5000000000000000,17.0
4,D04,33.3333333333333333,1.6666666666666667,37.3333333333333360,14.0
4,D05,32.6666666666666667,0.66666666666666666667,38.1666666666666640,10.0
4,D06,33.3333333333333333,1.6666666666666667,39.0000000000000000,17.0
4,D07,32.3333333333333333,1.00000000000000000000,39.8333333333333360,15.0
4,D08,32.3333333333333333,1.3333333333333333,40.6666666666666640,11.0
4,D09,32.0000000000000000,1.00000000000000000000,41.5000000000000000,16.5
4,D10,32.6666666666666667,1.3333333333333333,42.3333333333333300,16.5
5,D01,27.0000000000000000,2.3333333333333333,34.8333333333333360,10.0
5,D02,29.3333333333333333,2.0000000000000000,35.6666666666666640,7.75
5,D03,32.0000000000000000,1.3333333333333333,36.5000000000000000,15.0
5,D04,24.3333333333333333,3.6666666666666667,37.3333333333333360,10.666666666666666
5,D05,25.3333333333333333,4.0000000000000000,38.1666666666666640,10.0
5,D06,30.6666666666666667,2.0000000000000000,39.0000000000000000,10.333333333333334
5,D07,25.3333333333333333,2.6666666666666667,39.8333333333333360,15.0
5,D08,28.3333333333333333,2.0000000000000000,40.6666666666666640,10.0
5,D09,30.0000000000000000,1.6666666666666667,41.5000000000000000,14.5
5,D10,30.0000000000000000,2.6666666666666667,42.3333333333333300,10.0
6,D01,28.3333333333333333,2.0000000000000000,34.8333333333333360,6.0
6,D02,29.6666666666666667,2.3333333333333333,35.6666666666666640,6.666666666666667
6,D03,32.3333333333333333,1.6666666666666667,36.5000000000000000,9.666666666666666
6,D04,26.0000000000000000,4.0000000000000000,37.3333333333333360,2.142857142857143
6,D05,27.6666666666666667,3.6666666666666667,38.1666666666666640,2.2857142857142856
6,D06,29.6666666666666667,2.0000000000000000,39.0000000000000000,7.333333333333333
6,D07,29.0000000000000000,3.3333333333333333,39.8333333333333360,2.6666666666666665
6,D08,28.6666666666666667,2.3333333333333333,40.6666666666666640,6.0
6,D09,31.3333333333333333,2.3333333333333333,41.5000000000000000,8.0
6,D10,30.3333333333333333,2.3333333333333333,42.3333333333333300,3.8333333333333335
7,D01,28.3333333333333333,2.0000000000000000,34.8333333333333360,6.0
7,D02,28.6666666666666667,1.3333333333333333,35.6666666666666640,5.5
7,D03,28.6666666666666667,2.0000000000000000,36.5000000000000000,9.666666666666666
7,D04,27.6666666666666667,2.3333333333333333,37.3333333333333360,2.142857142857143
7,D05,29.3333333333333333,2.6666666666666667,38.1666666666666640,2.2857142857142856
7,D06,29.6666666666666667,2.6666666666666667,39.0000000000000000,7.333333333333333
7,D07,29.3333333333333333,3.0000000000000000,39.8333333333333360,2.6666666666666665
7,D08,27.0000000000000000,1.3333333333333333,40.6666666666666640,5.25
7,D09,30.3333333333333333,2.3333333333333333,41.5000000000000000,7.75
7,D10,29.3333333333333333,2.0000000000000000,42.3333333333333300,3.8333333333333335
8,D01,28.0000000000000000,1.00000000000000000000,29.1666666666666680,5.75
8,D02,30.0000000000000000,0.66666666666666666667,29.9999999999999987,5.5
8,D03,30.0000000000000000,0.33333333333333333333,30.8333333333333333,8.0
8,D04,25.6666666666666667,1.6666666666666667,31.6666666666666680,2.142857142857143
8,D05,26.0000000000000000,1.3333333333333333,32.4999999999999973,2.2857142857142856
8,D06,30.0000000000000000,0.00000000000000000000,33.3333333333333333,5.2
8,D07,27.0000000000000000,1.00000000000000000000,34.1666666666666680,2.6666666666666665
8,D08,27.6666666666666667,0.66666666666666666667,34.9999999999999973,5.25
8,D09,29.6666666666666667,0.66666666666666666667,35.8333333333333333,7.75
8,D10,30.3333333333333333,0.66666666666666666667,36.6666666666666640,3.8333333333333335
9,D01,44.0000000000000000,1.00000000000000000000,46.8333333333333340,5.75
9,D02,45.3333333333333333,1.3333333333333333,47.6666666666666660,5.5
9,D03,45.3333333333333333,1.00000000000000000000,48.5000000000000000,8.0
9,D04,30.0000000000000000,1.5000000000000000,37.3333333333333360,3.6666666666666665
9,D05,21.6666666666666667,2.0000000000000000,50.1666666666666660,2.2857142857142856
9,D06,33.5000000000000000,2.0000000000000000,39.0000000000000000,7.333333333333333
9,D07,32.5000000000000000,2.5000000000000000,39.8333333333333360,4.0
9,D08,32.0000000000000000,2.0000000000000000,40.6666666666666640,5.25
9,D09,32.5000000000000000,2.0000000000000000,41.5000000000000000,7.75
9,D10,45.0000000000000000,1.00000000000000000000,54.3333333333333300,3.8333333333333335
10,D01,45.6666666666666667,0.33333333333333333333,45.8333333333333340,5.75
10,D02,46.0000000000000000,0.33333333333333333333,46.6666666666666660,5.5
10,D03,45.6666666666666667,0.33333333333333333333,47.5000000000000000,8.0
10,D04,32.0000000000000000,2.0000000000000000,37.3333333333333360,3.6666666666666665
10,D05,22.3333333333333333,1.00000000000000000000,49.1666666666666660,2.2857142857142856
10,D06,35.0000000000000000,0.50000000000000000000,39.0000000000000000,7.333333333333333
10,D07,35.5000000000000000,0.50000000000000000000,39.8333333333333360,4.0
10,D08,35.0000000000000000,0.50000000000000000000,40.6666666666666640,5.25
10,D09,35.5000000000000000,0.50000000000000000000,41.5000000000000000,7.75
10,D10,45.6666666666666667,0.33333333333333333333,53.3333333333333300,3.8333333333333335
11,D01,24.3333333333333333,2.3333333333333333,28.1666666666666687,5.75
11,D02,26.3333333333333333,2.0000000000000000,28.9999999999999980,5.5
11,D03,26.0000000000000000,1.3333333333333333,29.8333333333333333,8.0
11,D04,23.0000000000000000,2.0000000000000000,30.6666666666666680,2.142857142857143
11,D05,24.3333333333333333,2.3333333333333333,31.4999999999999973,2.2857142857142856
11,D06,26.6666666666666667,1.6666666666666667,32.3333333333333333,5.2
11,D07,25.6666666666666667,2.3333333333333333,33.1666666666666680,2.6666666666666665
11,D08,25.0000000000000000,2.0000000000000000,33.9999999999999973,5.25
11,D09,26.0000000000000000,2.0000000000000000,34.8333333333333333,7.75
11,D10,26.0000000000000000,2.0000000000000000,35.6666666666666640,3.8333333333333335
12,D01,33.3333333333333333,1.6666666666666667,34.8333333333333360,5.5
12,D02,33.0000000000000000,1.3333333333333333,35.6666666666666640,5.5
12,D03,32.0000000000000000,0.66666666666666666667,36.5000000000000000,8.0
12,D04,32.0000000000000000,2.3333333333333333,37.3333333333333360,2.142857142857143
12,D05,31.6666666666666667,1.3333333333333333,38.1666666666666640,2.2857142857142856
12,D06,33.3333333333333333,2.0000000000000000,39.0000000000000000,5.2
12,D07,33.3333333333333333,1.6666666666666667,39.8333333333333360,2.6666666666666665
12,D08,32.6666666666666667,1.00000000000000000000,40.6666666666666640,5.25
12,D09,33.3333333333333333,1.6666666666666667,41.5000000000000000,7.75
12,D10,32.6666666666666667,1.00000000000000000000,42.3333333333333300,3.8333333333333335
13,D01,27.6666666666666667,1.6666666666666667,34.8333333333333360,5.5
13,D02,25.6666666666666667,1.6666666666666667,35.6666666666666640,5.5
13,D03,29.6666666666666667,1.00000000000000000000,36.5000000000000000,8.0
13,D04,24.0000000000000000,2.0000000000000000,37.3333333333333360,2.142857142857143
13,D05,25.6666666666666667,3.3333333333333333,38.1666666666666640,2.2857142857142856
13,D06,26.6666666666666667,2.6666666666666667,39.0000000000000000,5.2
13,D07,26.6666666666666667,2.6666666666666667,39.8333333333333360,2.6666666666666665
13,D08,26.0000000000000000,2.0000000000000000,40.6666666666666640,5.25
13,D09,28.3333333333333333,1.00000000000000000000,41.5000000000000000,7.75
13,D10,27.0000000000000000,3.0000000000000000,42.3333333333333300,3.8333333333333335
14,D01,16.0000000000000000,2.6666666666666667,23.5000000000000000,5.5
14,D02,16.6666666666666667,2.0000000000000000,24.3333333333333333,5.5
14,D03,19.6666666666666667,1.6666666666666667,25.1666666666666667,8.0
14,D04,12.6666666666666667,3.0000000000000000,26.0000000000000000,2.142857142857143
14,D05,13.0000000000000000,3.0000000000000000,26.8333333333333307,2.2857142857142856
14,D06,19.6666666666666667,1.6666666666666667,27.6666666666666667,4.0
14,D07,14.0000000000000000,2.3333333333333333,28.5000000000000000,2.6666666666666665
14,D08,15.3333333333333333,3.3333333333333333,29.3333333333333307,5.25
14,D09,17.3333333333333333,2.0000000000000000,30.1666666666666667,7.75
14,D10,14.6666666666666667,2.3333333333333333,30.9999999999999980,3.8333333333333335
15,D01,22.0000000000000000,1.00000000000000000000,34.8333333333333360,4.0
15,D02,25.0000000000000000,4.0000000000000000,35.6666666666666640,5.5
15,D03,22.0000000000000000,1.00000000000000000000,36.5000000000000000,6.25
15,D04,21.0000000000000000,3.0000000000000000,37.3333333333333360,2.3333333333333335
15,D05,24.0000000000000000,6.0000000000000000,38.1666666666666640,2.5
15,D06,27.0000000000000000,6.0000000000000000,39.0000000000000000,6.0
15,D07,22.0000000000000000,4.0000000000000000,39.8333333333333360,4.0
15,D08,20.0000000000000000,2.0000000000000000,40.6666666666666640,3.3333333333333335
15,D09,25.0000000000000000,3.0000000000000000,41.5000000000000000,5.5
15,D10,8.0000000000000000,1.00000000000000000000,19.6666666666666647,2.6666666666666665
16,D01,12.0000000000000000,4.0000000000000000,34.8333333333333360,4.0
16,D02,9.0000000000000000,5.0000000000000000,35.6666666666666640,5.5
16,D03,22.0000000000000000,3.0000000000000000,36.5000000000000000,6.25
16,D04,5.0000000000000000,5.0000000000000000,37.3333333333333360,2.3333333333333335
16,D05,11.0000000000000000,10.0000000000000000,38.1666666666666640,2.5
16,D06,19.0000000000000000,6.0000000000000000,39.0000000000000000,4.5
16,D07,8.0000000000000000,7.0000000000000000,39.8333333333333360,4.0
16,D08,10.0000000000000000,7.0000000000000000,40.6666666666666640,3.3333333333333335
16,D09,16.0000000000000000,4.0000000000000000,41.5000000000000000,5.5
16,D10,4.3333333333333333,3.0000000000000000,19.6666666666666647,2.6666666666666665
17,D01,17.6666666666666667,1.00000000000000000000,20.1666666666666670,3.0
17,D02,18.0000000000000000,1.3333333333333333,20.9999999999999993,1.8
17,D03,17.6666666666666667,1.00000000000000000000,21.8333333333333333,6.25
17,D04,18.3333333333333333,1.3333333333333333,22.6666666666666667,1.0
17,D05,17.3333333333333333,0.33333333333333333333,23.4999999999999980,1.1
17,D06,17.3333333333333333,0.66666666666666666667,24.3333333333333333,3.1666666666666665
17,D07,17.3333333333333333,0.33333333333333333333,25.1666666666666667,1.1428571428571428
17,D08,18.0000000000000000,1.3333333333333333,25.9999999999999980,1.4285714285714286
17,D09,17.6666666666666667,1.00000000000000000000,26.8333333333333333,4.0
17,D10,17.6666666666666667,1.00000000000000000000,27.6666666666666647,1.4444444444444444
18,D01,39.0000000000000000,2.3333333333333333,48.5000000000000007,3.0
18,D02,36.0000000000000000,1.6666666666666667,49.3333333333333327,1.8
18,D03,40.6666666666666667,2.0000000000000000,50.1666666666666667,6.25
18,D04,36.3333333333333333,2.0000000000000000,51.0000000000000007,1.0
18,D05,38.0000000000000000,3.6666666666666667,51.8333333333333327,1.1
18,D06,38.6666666666666667,4.0000000000000000,52.6666666666666667,3.1666666666666665
18,D07,36.0000000000000000,1.6666666666666667,53.5000000000000007,1.1428571428571428
18,D08,39.3333333333333333,4.3333333333333333,54.3333333333333327,1.4285714285714286
18,D09,38.6666666666666667,1.00000000000000000000,55.1666666666666667,4.0
18,D10,39.3333333333333333,4.3333333333333333,55.9999999999999967,1.4444444444444444
19,D01,42.0000000000000000,3.0000000000000000,52.1666666666666673,3.0
19,D02,39.6666666666666667,2.6666666666666667,52.9999999999999993,1.8
19,D03,43.3333333333333333,2.6666666666666667,53.8333333333333333,4.25
19,D04,39.3333333333333333,3.6666666666666667,54.6666666666666673,1.0
19,D05,40.0000000000000000,3.3333333333333333,55.4999999999999993,1.1
19,D06,42.3333333333333333,3.6666666666666667,56.3333333333333333,1.8888888888888888
19,D07,40.0000000000000000,3.3333333333333333,57.1666666666666673,1.1428571428571428
19,D08,40.0000000000000000,3.6666666666666667,57.9999999999999993,1.4285714285714286
19,D09,42.6666666666666667,2.6666666666666667,58.8333333333333333,4.0
19,D10,40.3333333333333333,3.6666666666666667,59.6666666666666633,1.4444444444444444
20,D01,29.6666666666666667,1.00000000000000000000,34.8333333333333360,2.3333333333333335
20,D02,29.3333333333333333,1.3333333333333333,35.6666666666666640,1.8
20,D03,34.3333333333333333,0.66666666666666666667,36.5000000000000000,4.25
20,D04,27.0000000000000000,2.0000000000000000,37.3333333333333360,1.0
20,D05,29.0000000000000000,3.0000000000000000,38.1666666666666640,1.1
20,D06,31.6666666666666667,0.66666666666666666667,39.0000000000000000,1.8888888888888888
20,D07,28.6666666666666667,2.0000000000000000,39.8333333333333360,1.1428571428571428
20,D08,29.3333333333333333,2.0000000000000000,40.6666666666666640,1.25
20,D09,31.3333333333333333,0.66666666666666666667,41.5000000000000000,4.0
20,D10,30.0000000000000000,2.0000000000000000,42.3333333333333300,1.4444444444444444
21,D01,27.6666666666666667,1.6666666666666667,34.8333333333333360,2.3333333333333335
21,D02,26.6666666666666667,2.6666666666666667,35.6666666666666640,1.8
21,D03,27.0000000000000000,2.6666666666666667,36.5000000000000000,4.25
21,D04,28.3333333333333333,2.3333333333333333,37.3333333333333360,1.0
21,D05,28.3333333333333333,1.3333333333333333,38.1666666666666640,1.1
21,D06,27.3333333333333333,3.3333333333333333,39.0000000000000000,1.8888888888888888
21,D07,28.0000000000000000,2.3333333333333333,39.8333333333333360,1.1428571428571428
21,D08,28.3333333333333333,3.0000000000000000,40.6666666666666640,1.25
21,D09,27.3333333333333333,2.6666666666666667,41.5000000000000000,4.0
21,D10,26.3333333333333333,1.6666666666666667,42.3333333333333300,1.4444444444444444
22,D01,19.0000000000000000,4.3333333333333333,34.8333333333333360,2.3333333333333335
22,D02,16.6666666666666667,4.3333333333333333,35.6666666666666640,1.8
22,D03,20.6666666666666667,1.6666666666666667,36.5000000000000000,4.25
22,D04,17.0000000000000000,5.3333333333333333,37.3333333333333360,1.0
22,D05,15.6666666666666667,4.6666666666666667,38.1666666666666640,1.1
22,D06,20.0000000000000000,5.3333333333333333,39.0000000000000000,1.8888888888888888
22,D07,14.3333333333333333,3.0000000000000000,39.8333333333333360,1.1428571428571428
22,D08,17.3333333333333333,6.3333333333333333,40.6666666666666640,1.25
22,D09,19.6666666666666667,3.6666666666666667,41.5000000000000000,4.0
22,D10,16.0000000000000000,5.3333333333333333,42.3333333333333300,1.4444444444444444
23,D01,31.3333333333333333,1.3333333333333333,34.8333333333333360,2.2
23,D02,33.3333333333333333,0.66666666666666666667,35.6666666666666640,1.0
23,D03,33.3333333333333333,1.00000000000000000000,36.5000000000000000,4.25
23,D04,29.3333333333333333,1.6666666666666667,37.3333333333333360,1.0
23,D05,30.0000000000000000,2.0000000000000000,38.1666666666666640,1.0
23,D06,34.0000000000000000,1.00000000000000000000,39.0000000000000000,1.0
23,D07,29.6666666666666667,1.00000000000000000000,39.8333333333333360,1.0
23,D08,31.6666666666666667,1.6666666666666667,40.6666666666666640,1.0
23,D09,33.6666666666666667,1.3333333333333333,41.5000000000000000,3.5
23,D10,33.6666666666666667,1.3333333333333333,42.3333333333333300,1.0
24,D01,19.0000000000000000,3.6666666666666667,34.8333333333333360,2.2
24,D02,19.0000000000000000,4.3333333333333333,35.6666666666666640,1.0
24,D03,22.6666666666666667,1.3333333333333333,36.5000000000000000,4.25
24,D04,14.0000000000000000,3.6666666666666667,37.3333333333333360,1.0
24,D05,18.0000000000000000,6.3333333333333333,38.1666666666666640,1.0
24,D06,19.6666666666666667,5.3333333333333333,39.0000000000000000,1.0
24,D07,15.6666666666666667,3.6666666666666667,39.8333333333333360,1.0
24,D08,18.0000000000000000,6.3333333333333333,40.6666666666666640,1.0
24,D09,21.0000000000000000,2.0000000000000000,41.5000000000000000,3.5
24,D10,17.6666666666666667,4.0000000000000000,42.3333333333333300,1.0
25,D01,19.3333333333333333,1.6666666666666667,31.5000000000000013,2.2
25,D02,18.0000000000000000,3.0000000000000000,32.3333333333333320,1.0
25,D03,24.0000000000000000,1.6666666666666667,33.1666666666666667,4.25
25,D04,15.0000000000000000,2.6666666666666667,34.0000000000000013,1.0
25,D05,17.0000000000000000,4.6666666666666667,34.8333333333333307,1.0
25,D06,18.3333333333333333,3.3333333333333333,35.6666666666666667,1.0
25,D07,16.0000000000000000,4.0000000000000000,36.5000000000000013,1.0
25,D08,15.0000000000000000,3.0000000000000000,37.3333333333333307,1.0
25,D09,22.3333333333333333,2.6666666666666667,38.1666666666666667,3.5
25,D10,19.0000000000000000,4.0000000000000000,38.9999999999999967,1.0
26,D01,6.3333333333333333,2.3333333333333333,44.8333333333333327,2.2
26,D02,6.5000000000000000,4.0000000000000000,30.1666666666666660,1.0
26,D03,14.5000000000000000,1.5000000000000000,31.0000000000000000,4.25
26,D04,4.5000000000000000,4.5000000000000000,31.8333333333333340,1.0
26,D05,7.5000000000000000,6.5000000000000000,32.6666666666666640,1.0
26,D06,9.0000000000000000,6.0000000000000000,33.5000000000000000,1.0
26,D07,4.5000000000000000,4.0000000000000000,34.3333333333333340,1.0
26,D08,6.5000000000000000,6.5000000000000000,35.1666666666666640,1.0
26,D09,12.0000000000000000,1.5000000000000000,36.0000000000000000,3.0
26,D10,31.0000000000000000,4.0000000000000000,52.3333333333333307,1.0
27,D01,6.0000000000000000,1.6666666666666667,65.1666666666666653,2.2
27,D02,45.0000000000000000,3.5000000000000000,61.6666666666666670,1.0
27,D03,50.5000000000000000,0.50000000000000000000,62.5000000000000000,4.25
27,D04,6.0000000000000000,3.0000000000000000,63.3333333333333330,1.0
27,D05,44.5000000000000000,4.5000000000000000,64.1666666666666670,1.0
27,D06,47.5000000000000000,4.5000000000000000,65.0000000000000000,1.0
27,D07,8.0000000000000000,4.0000000000000000,65.8333333333333330,1.0
27,D08,44.5000000000000000,4.0000000000000000,66.6666666666666670,1.0
27,D09,12.5000000000000000,2.5000000000000000,67.5000000000000000,3.0
27,D10,29.3333333333333333,2.0000000000000000,72.6666666666666633,1.0
28,D01,18.0000000000000000,2.6666666666666667,52.1666666666666673,2.2
28,D02,20.0000000000000000,2.6666666666666667,52.9999999999999993,1.0
28,D03,46.3333333333333333,2.6666666666666667,53.8333333333333333,4.25
28,D04,16.6666666666666667,3.3333333333333333,54.6666666666666673,1.0
28,D05,16.6666666666666667,5.0000000000000000,55.4999999999999993,1.0
28,D06,43.6666666666666667,1.6666666666666667,56.3333333333333333,1.0
28,D07,39.0000000000000000,3.6666666666666667,57.1666666666666673,1.0
28,D08,16.3333333333333333,3.6666666666666667,57.9999999999999993,1.0
28,D09,43.3333333333333333,1.6666666666666667,58.8333333333333333,3.0
28,D10,18.3333333333333333,3.0000000000000000,59.6666666666666633,1.0
29,D01,25.6666666666666667,3.6666666666666667,34.8333333333333360,2.2
29,D02,21.6666666666666667,2.3333333333333333,35.6666666666666640,1.0
29,D03,24.6666666666666667,1.00000000000000000000,36.5000000000000000,4.25
29,D04,22.6666666666666667,2.3333333333333333,37.3333333333333360,1.0
29,D05,23.3333333333333333,3.0000000000000000,38.1666666666666640,1.0
29,D06,23.3333333333333333,4.3333333333333333,39.0000000000000000,1.0
29,D07,22.6666666666666667,2.3333333333333333,39.8333333333333360,1.0
29,D08,23.0000000000000000,3.3333333333333333,40.6666666666666640,1.0
29,D09,24.6666666666666667,1.3333333333333333,41.5000000000000000,3.0
29,D10,23.0000000000000000,3.6666666666666667,42.3333333333333300,1.0
30,D01,19.6666666666666667,2.0000000000000000,34.8333333333333360,1.8571428571428572
30,D02,20.0000000000000000,2.6666666666666667,35.6666666666666640,1.0
30,D03,25.3333333333333333,1.00000000000000000000,36.5000000000000000,4.25
30,D04,15.3333333333333333,2.0000000000000000,37.3333333333333360,1.0
30,D05,20.3333333333333333,6.6666666666666667,38.1666666666666640,1.0
30,D06,22.3333333333333333,4.6666666666666667,39.0000000000000000,1.0
30,D07,16.3333333333333333,2.3333333333333333,39.8333333333333360,1.0
30,D08,20.3333333333333333,6.0000000000000000,40.6666666666666640,1.0
30,D09,22.3333333333333333,1.3333333333333333,41.5000000000000000,3.0
30,D10,20.0000000000000000,5.3333333333333333,42.3333333333333300,1.0
31,D01,24.3333333333333333,3.0000000000000000,34.8333333333333360,1.8571428571428572
31,D02,24.3333333333333333,2.0000000000000000,35.6666666666666640,1.0
31,D03,28.3333333333333333,1.00000000000000000000,36.5000000000000000,4.25
31,D04,20.6666666666666667,3.6666666666666667,37.3333333333333360,1.0
31,D05,21.3333333333333333,4.0000000000000000,38.1666666666666640,1.0
31,D06,25.3333333333333333,3.0000000000000000,39.0000000000000000,1.0
31,D07,21.3333333333333333,3.3333333333333333,39.8333333333333360,1.0
31,D08,23.6666666666666667,3.6666666666666667,40.6666666666666640,1.0
31,D09,26.6666666666666667,1.6666666666666667,41.5000000000000000,3.0
31,D10,26.0000000000000000,3.6666666666666667,42.3333333333333300,1.0
32,D01,23.6666666666666667,2.3333333333333333,34.8333333333333360,1.8571428571428572
32,D02,24.6666666666666667,2.6666666666666667,35.6666666666666640,1.0
32,D03,28.3333333333333333,1.3333333333333333,36.5000000000000000,4.25
32,D04,19.6666666666666667,2.6666666666666667,37.3333333333333360,1.0
32,D05,22.6666666666666667,5.0000000000000000,38.1666666666666640,1.0
32,D06,25.6666666666666667,3.3333333333333333,39.0000000000000000,1.0
32,D07,21.3333333333333333,3.3333333333333333,39.8333333333333360,1.0
32,D08,24.0000000000000000,4.3333333333333333,40.6666666666666640,1.0
32,D09,26.0000000000000000,2.0000000000000000,41.5000000000000000,3.0
32,D10,23.6666666666666667,4.0000000000000000,42.3333333333333300,1.0
33,D01,25.3333333333333333,4.0000000000000000,34.8333333333333360,1.8571428571428572
33,D02,22.3333333333333333,3.0000000000000000,35.6666666666666640,1.0
33,D03,29.6666666666666667,2.3333333333333333,36.5000000000000000,4.25
33,D04,20.6666666666666667,3.3333333333333333,37.3333333333333360,1.0
33,D05,21.3333333333333333,3.3333333333333333,38.1666666666666640,1.0
33,D06,24.0000000000000000,3.0000000000000000,39.0000000000000000,1.0
33,D07,22.0000000000000000,3.3333333333333333,39.8333333333333360,1.0
33,D08,22.6666666666666667,3.6666666666666667,40.6666666666666640,1.0
33,D09,25.3333333333333333,1.3333333333333333,41.5000000000000000,3.0
33,D10,23.6666666666666667,4.3333333333333333,42.3333333333333300,1.0
34,D01,22.6666666666666667,2.6666666666666667,34.8333333333333360,1.6666666666666667
34,D02,24.0000000000000000,3.0000000000000000,35.6666666666666640,1.0
34,D03,29.3333333333333333,2.3333333333333333,36.5000000000000000,3.5
34,D04,19.0000000000000000,3.6666666666666667,37.3333333333333360,1.0
34,D05,21.6666666666666667,5.3333333333333333,38.1666666666666640,1.0
34,D06,25.6666666666666667,3.3333333333333333,39.0000000000000000,1.0
34,D07,21.3333333333333333,3.6666666666666667,39.8333333333333360,1.0
34,D08,23.0000000000000000,5.0000000000000000,40.6666666666666640,1.0
34,D09,26.0000000000000000,2.3333333333333333,41.5000000000000000,3.0
34,D10,23.3333333333333333,4.3333333333333333,42.3333333333333300,1.0
35,D01,16.3333333333333333,3.0000000000000000,34.8333333333333360,1.6666666666666667
35,D02,14.3333333333333333,3.0000000000000000,35.6666666666666640,1.0
35,D03,21.6666666666666667,1.00000000000000000000,36.5000000000000000,3.5
35,D04,9.6666666666666667,2.6666666666666667,37.3333333333333360,1.0
35,D05,16.3333333333333333,8.0000000000000000,38.1666666666666640,1.0
35,D06,17.0000000000000000,5.6666666666666667,39.0000000000000000,1.0
35,D07,12.6666666666666667,4.0000000000000000,39.8333333333333360,1.0
35,D08,15.3333333333333333,6.3333333333333333,40.6666666666666640,1.0
35,D09,18.0000000000000000,0.66666666666666666667,41.5000000000000000,3.0
35,D10,16.3333333333333333,6.0000000000000000,42.3333333333333300,1.0
36,D01,19.3333333333333333,3.3333333333333333,34.8333333333333360,1.6666666666666667
36,D02,16.0000000000000000,4.0000000000000000,35.6666666666666640,1.0
36,D03,22.0000000000000000,0.66666666666666666667,36.5000000000000000,3.5
36,D04,16.0000000000000000,4.0000000000000000,37.3333333333333360,1.0
36,D05,17.0000000000000000,5.0000000000000000,38.1666666666666640,1.0
36,D06,17.0000000000000000,5.0000000000000000,39.0000000000000000,1.0
36,D07,15.3333333333333333,3.3333333333333333,39.8333333333333360,1.0
36,D08,16.6666666666666667,4.6666666666666667,40.6666666666666640,1.0
36,D09,21.0000000000000000,2.3333333333333333,41.5000000000000000,3.0
36,D10,15.6666666666666667,3.6666666666666667,42.3333333333333300,1.0
37,D01,9.6666666666666667,3.0000000000000000,29.1666666666666680,1.6666666666666667
37,D02,5.3333333333333333,3.3333333333333333,29.9999999999999987,1.0
37,D03,15.0000000000000000,3.3333333333333333,30.8333333333333333,3.5
37,D04,7.3333333333333333,4.6666666666666667,31.6666666666666680,1.0
37,D05,8.3333333333333333,6.0000000000000000,32.4999999999999973,1.0
37,D06,7.3333333333333333,5.3333333333333333,33.3333333333333333,1.0
37,D07,8.3333333333333333,5.6666666666666667,34.1666666666666680,1.0
37,D08,7.3333333333333333,5.0000000000000000,34.9999999999999973,1.0
37,D09,12.0000000000000000,3.0000000000000000,35.8333333333333333,3.0
37,D10,7.3333333333333333,5.3333333333333333,36.6666666666666640,1.0
38,D01,8.0000000000000000,3.0000000000000000,29.1666666666666680,1.6666666666666667
38,D02,3.3333333333333333,3.3333333333333333,29.9999999999999987,1.0
38,D03,15.6666666666666667,3.0000000000000000,30.8333333333333333,2.2
38,D04,5.3333333333333333,5.3333333333333333,31.6666666666666680,1.0
38,D05,6.3333333333333333,6.3333333333333333,32.4999999999999973,1.0
38,D06,5.6666666666666667,5.3333333333333333,33.3333333333333333,1.0
38,D07,6.6666666666666667,6.6666666666666667,34.1666666666666680,1.0
38,D08,4.6666666666666667,4.6666666666666667,34.9999999999999973,1.0
38,D09,10.3333333333333333,2.0000000000000000,35.8333333333333333,2.4
38,D10,6.3333333333333333,6.3333333333333333,36.6666666666666640,1.0
39,D01,19.3333333333333333,2.6666666666666667,34.8333333333333360,1.6666666666666667
39,D02,19.0000000000000000,2.3333333333333333,35.6666666666666640,1.0
39,D03,26.3333333333333333,1.3333333333333333,36.5000000000000000,2.2
39,D04,13.6666666666666667,3.0000000000000000,37.3333333333333360,1.0
39,D05,18.3333333333333333,7.3333333333333333,38.1666666666666640,1.0
39,D06,22.6666666666666667,4.6666666666666667,39.0000000000000000,1.0
39,D07,16.3333333333333333,4.0000000000000000,39.8333333333333360,1.0
39,D08,19.3333333333333333,5.6666666666666667,40.6666666666666640,1.0
39,D09,22.6666666666666667,1.6666666666666667,41.5000000000000000,2.4
39,D10,21.0000000000000000,5.3333333333333333,42.3333333333333300,1.0
40,D01,24.5000000000000000,1.00000000000000000000,34.8333333333333360,1.6666666666666667
40,D02,25.5000000000000000,2.5000000000000000,35.6666666666666640,1.0
40,D03,30.5000000000000000,3.0000000000000000,36.5000000000000000,3.5
40,D04,21.5000000000000000,2.5000000000000000,37.3333333333333360,1.0
40,D05,25.5000000000000000,5.5000000000000000,38.1666666666666640,1.0
40,D06,25.5000000000000000,2.5000000000000000,39.0000000000000000,1.0
40,D07,27.0000000000000000,4.5000000000000000,39.8333333333333360,1.0
40,D08,24.5000000000000000,2.0000000000000000,40.6666666666666640,1.0
40,D09,27.5000000000000000,2.0000000000000000,41.5000000000000000,3.0
40,D10,17.6666666666666667,2.3333333333333333,33.3333333333333307,1.0
41,D01,23.6666666666666667,2.0000000000000000,42.8333333333333360,1.6666666666666667
41,D02,24.3333333333333333,2.6666666666666667,43.6666666666666640,1.0
41,D03,26.3333333333333333,1.6666666666666667,44.5000000000000000,2.2
41,D04,24.0000000000000000,2.6666666666666667,45.3333333333333360,1.0
41,D05,25.3333333333333333,4.0000000000000000,46.1666666666666640,1.0
41,D06,25.0000000000000000,3.3333333333333333,47.0000000000000000,1.0
41,D07,33.6666666666666667,2.6666666666666667,47.8333333333333360,1.0
41,D08,23.6666666666666667,2.6666666666666667,48.6666666666666660,1.0
41,D09,25.6666666666666667,2.3333333333333333,49.5000000000000000,2.4
41,D10,24.6666666666666667,3.0000000000000000,50.3333333333333300,1.0
42,D01,22.6666666666666667,1.3333333333333333,34.8333333333333360,1.6666666666666667
42,D02,21.6666666666666667,2.0000000000000000,35.6666666666666640,1.0
42,D03,25.3333333333333333,1.00000000000000000000,36.5000000000000000,2.2
42,D04,19.3333333333333333,1.6666666666666667,37.3333333333333360,1.0
42,D05,25.0000000000000000,6.0000000000000000,38.1666666666666640,1.0
42,D06,24.6666666666666667,5.0000000000000000,39.0000000000000000,1.0
42,D07,24.0000000000000000,5.0000000000000000,39.8333333333333360,1.0
42,D08,21.6666666666666667,2.3333333333333333,40.6666666666666640,1.0
42,D09,24.3333333333333333,1.6666666666666667,41.5000000000000000,2.4
42,D10,24.6666666666666667,5.0000000000000000,42.3333333333333300,1.0
43,D01,19.3333333333333333,3.6666666666666667,34.8333333333333360,1.6666666666666667
43,D02,16.6666666666666667,3.6666666666666667,35.6666666666666640,1.0
43,D03,24.3333333333333333,2.6666666666666667,36.5000000000000000,2.2
43,D04,15.0000000000000000,4.0000000000000000,37.3333333333333360,1.0
43,D05,18.3333333333333333,7.0000000000000000,38.1666666666666640,1.0
43,D06,20.3333333333333333,4.3333333333333333,39.0000000000000000,1.0
43,D07,16.3333333333333333,5.0000000000000000,39.8333333333333360,1.0
43,D08,17.3333333333333333,5.3333333333333333,40.6666666666666640,1.0
43,D09,21.3333333333333333,2.6666666666666667,41.5000000000000000,2.4
43,D10,18.0000000000000000,6.0000000000000000,42.3333333333333300,1.0
44,D01,20.0000000000000000,5.6666666666666667,34.8333333333333360,1.6666666666666667
44,D02,16.0000000000000000,4.0000000000000000,35.6666666666666640,1.0
44,D03,22.6666666666666667,2.6666666666666667,36.5000000000000000,2.2
44,D04,15.3333333333333333,5.6666666666666667,37.3333333333333360,1.0
44,D05,14.6666666666666667,4.6666666666666667,38.1666666666666640,1.0
44,D06,19.6666666666666667,5.0000000000000000,39.0000000000000000,1.0
44,D07,15.0000000000000000,4.3333333333333333,39.8333333333333360,1.0
44,D08,17.6666666666666667,5.6666666666666667,40.6666666666666640,1.0
44,D09,21.3333333333333333,4.0000000000000000,41.5000000000000000,2.4
44,D10,18.6666666666666667,5.6666666666666667,42.3333333333333300,1.0
45,D01,16.3333333333333333,2.6666666666666667,29.1666666666666680,1.6666666666666667
45,D02,13.6666666666666667,3.0000000000000000,29.9999999999999987,1.0
45,D03,18.0000000000000000,2.3333333333333333,30.8333333333333333,2.2
45,D04,15.3333333333333333,4.6666666666666667,31.6666666666666680,1.0
45,D05,13.6666666666666667,3.0000000000000000,32.4999999999999973,1.0
45,D06,15.3333333333333333,4.3333333333333333,33.3333333333333333,1.0
45,D07,15.0000000000000000,3.6666666666666667,34.1666666666666680,1.0
45,D08,15.6666666666666667,4.6666666666666667,34.9999999999999973,1.0
45,D09,15.0000000000000000,1.00000000000000000000,35.8333333333333333,2.4
45,D10,15.6666666666666667,5.0000000000000000,36.6666666666666640,1.0
46,D01,12.5000000000000000,5.0000000000000000,34.8333333333333360,1.6666666666666667
46,D02,6.5000000000000000,5.0000000000000000,35.6666666666666640,1.0
46,D03,17.5000000000000000,5.0000000000000000,36.5000000000000000,2.4
46,D04,8.5000000000000000,4.5000000000000000,37.3333333333333360,1.0
46,D05,11.0000000000000000,7.5000000000000000,38.1666666666666640,1.0
46,D06,5.0000000000000000,4.0000000000000000,39.0000000000000000,1.0
46,D07,9.0000000000000000,6.0000000000000000,39.8333333333333360,1.0
46,D08,7.0000000000000000,4.5000000000000000,40.6666666666666640,1.0
46,D09,13.5000000000000000,4.0000000000000000,41.5000000000000000,3.0
46,D10,5.6666666666666667,4.3333333333333333,30.9999999999999973,1.0
47,D01,11.0000000000000000,5.0000000000000000,34.8333333333333360,1.6666666666666667
47,D02,3.0000000000000000,3.0000000000000000,35.6666666666666640,1.0
47,D03,15.5000000000000000,1.5000000000000000,36.5000000000000000,2.4
47,D04,4.5000000000000000,4.5000000000000000,37.3333333333333360,1.0
47,D05,8.0000000000000000,7.5000000000000000,38.1666666666666640,1.0
47,D06,8.0000000000000000,8.0000000000000000,39.0000000000000000,1.0
47,D07,5.0000000000000000,5.0000000000000000,39.8333333333333360,1.0
47,D08,8.5000000000000000,8.5000000000000000,40.6666666666666640,1.0
47,D09,11.5000000000000000,1.5000000000000000,41.5000000000000000,2.8
47,D10,6.0000000000000000,6.0000000000000000,30.9999999999999973,1.0
48,D01,14.3333333333333333,2.6666666666666667,29.1666666666666680,1.6666666666666667
48,D02,14.0000000000000000,3.3333333333333333,29.9999999999999987,1.0
48,D03,18.6666666666666667,1.00000000000000000000,30.8333333333333333,2.2
48,D04,9.6666666666666667,2.3333333333333333,31.6666666666666680,1.0
48,D05,13.6666666666666667,6.3333333333333333,32.4999999999999973,1.0
48,D06,16.3333333333333333,5.3333333333333333,33.3333333333333333,1.0
48,D07,10.6666666666666667,3.0000000000000000,34.1666666666666680,1.0
48,D08,14.0000000000000000,5.6666666666666667,34.9999999999999973,1.0
48,D09,16.3333333333333333,1.3333333333333333,35.8333333333333333,2.4
48,D10,13.0000000000000000,4.3333333333333333,36.6666666666666640,1.0
49,D01,23.3333333333333333,4.6666666666666667,34.8333333333333360,1.6666666666666667
49,D02,23.3333333333333333,2.6666666666666667,35.6666666666666640,1.0
49,D03,27.0000000000000000,1.3333333333333333,36.5000000000000000,2.2
49,D04,17.3333333333333333,4.3333333333333333,37.3333333333333360,1.0
49,D05,18.6666666666666667,4.0000000000000000,38.1666666666666640,1.0
49,D06,24.0000000000000000,3.6666666666666667,39.0000000000000000,1.0
49,D07,18.6666666666666667,3.0000000000000000,39.8333333333333360,1.0
49,D08,22.0000000000000000,4.6666666666666667,40.6666666666666640,1.0
49,D09,25.0000000000000000,2.3333333333333333,41.5000000000000000,2.4
49,D10,21.3333333333333333,3.3333333333333333,42.3333333333333300,1.0
50,D01,24.0000000000000000,3.6666666666666667,34.8333333333333360,1.6666666666666667
50,D02,22.0000000000000000,2.6666666666666667,35.6666666666666640,1.0
50,D03,28.0000000000000000,3.3333333333333333,36.5000000000000000,2.2
50,D04,21.0000000000000000,2.3333333333333333,37.3333333333333360,1.0
50,D05,23.6666666666666667,4.6666666666666667,38.1666666666666640,1.0
50,D06,23.3333333333333333,4.0000000000000000,39.0000000000000000,1.0
50,D07,22.3333333333333333,3.0000000000000000,39.8333333333333360,1.0
50,D08,24.0000000000000000,4.6666666666666667,40.6666666666666640,1.0
50,D09,24.3333333333333333,1.6666666666666667,41.5000000000000000,2.4
50,D10,25.0000000000000000,5.3333333333333333,42.3333333333333300,1.0
51,D01,31.0000000000000000,1.3333333333333333,34.8333333333333360,1.6666666666666667
51,D02,32.0000000000000000,1.3333333333333333,35.6666666666666640,1.0
51,D03,34.0000000000000000,1.00000000000000000000,36.5000000000000000,2.2
51,D04,27.0000000000000000,2.6666666666666667,37.3333333333333360,1.0
51,D05,28.3333333333333333,3.0000000000000000,38.1666666666666640,1.0
51,D06,34.6666666666666667,1.00000000000000000000,39.0000000000000000,1.0
51,D07,29.3333333333333333,1.6666666666666667,39.8333333333333360,1.0
51,D08,31.6666666666666667,2.0000000000000000,40.6666666666666640,1.0
51,D09,32.6666666666666667,0.66666666666666666667,41.5000000000000000,2.4
51,D10,32.0000000000000000,1.3333333333333333,42.3333333333333300,1.0
52,D01,30.0000000000000000,2.0000000000000000,34.8333333333333360,1.6666666666666667
52,D02,32.6666666666666667,3.0000000000000000,35.6666666666666640,1.0
52,D03,31.6666666666666667,2.0000000000000000,36.5000000000000000,2.2
52,D04,26.6666666666666667,2.3333333333333333,37.3333333333333360,1.0
52,D05,28.0000000000000000,3.0000000000000000,38.1666666666666640,1.0
52,D06,32.3333333333333333,2.3333333333333333,39.0000000000000000,1.0
52,D07,31.0000000000000000,3.3333333333333333,39.8333333333333360,1.0
52,D08,29.6666666666666667,2.0000000000000000,40.6666666666666640,1.0
52,D09,31.6666666666666667,2.6666666666666667,41.5000000000000000,2.4
52,D10,30.6666666666666667,1.6666666666666667,42.3333333333333300,1.0
53,D01,30.6666666666666667,2.3333333333333333,34.8333333333333360,1.6666666666666667
53,D02,33.0000000000000000,1.6666666666666667,35.6666666666666640,1.0
53,D03,33.0000000000000000,2.0000000000000000,36.5000000000000000,2.2
53,D04,28.6666666666666667,3.0000000000000000,37.3333333333333360,1.0
53,D05,29.3333333333333333,3.3333333333333333,38.1666666666666640,1.0
53,D06,33.3333333333333333,1.6666666666666667,39.0000000000000000,1.0
53,D07,29.3333333333333333,2.6666666666666667,39.8333333333333360,1.0
53,D08,31.6666666666666667,2.0000000000000000,40.6666666666666640,1.0
53,D09,33.6666666666666667,2.0000000000000000,41.5000000000000000,2.4
53,D10,32.3333333333333333,1.6666666666666667,42.3333333333333300,1.0
54,D01,26.6666666666666667,2.0000000000000000,34.8333333333333360,1.6666666666666667
54,D02,27.3333333333333333,2.3333333333333333,35.6666666666666640,1.0
54,D03,29.0000000000000000,1.6666666666666667,36.5000000000000000,2.2
54,D04,22.0000000000000000,2.6666666666666667,37.3333333333333360,1.0
54,D05,25.0000000000000000,4.3333333333333333,38.1666666666666640,1.0
54,D06,28.6666666666666667,2.6666666666666667,39.0000000000000000,1.0
54,D07,24.3333333333333333,2.0000000000000000,39.8333333333333360,1.0
54,D08,26.3333333333333333,3.6666666666666667,40.6666666666666640,1.0
54,D09,27.0000000000000000,1.3333333333333333,41.5000000000000000,2.4
54,D10,26.0000000000000000,3.0000000000000000,42.3333333333333300,1.0
55,D01,18.6666666666666667,3.0000000000000000,34.8333333333333360,1.6666666666666667
55,D02,17.6666666666666667,2.6666666666666667,35.6666666666666640,1.0
55,D03,26.6666666666666667,3.6666666666666667,36.5000000000000000,2.2
55,D04,15.0000000000000000,4.0000000000000000,37.3333333333333360,1.0
55,D05,19.0000000000000000,7.6666666666666667,38.1666666666666640,1.0
55,D06,19.6666666666666667,4.3333333333333333,39.0000000000000000,1.0
55,D07,17.3333333333333333,5.3333333333333333,39.8333333333333360,1.0
55,D08,17.6666666666666667,5.3333333333333333,40.6666666666666640,1.0
55,D09,21.3333333333333333,1.6666666666666667,41.5000000000000000,2.4
55,D10,21.0000000000000000,7.0000000000000000,42.3333333333333300,1.0
56,D01,28.3333333333333333,2.3333333333333333,34.8333333333333360,1.6666666666666667
56,D02,27.6666666666666667,2.3333333333333333,35.6666666666666640,1.0
56,D03,30.0000000000000000,1.6666666666666667,36.5000000000000000,2.2
56,D04,24.6666666666666667,2.3333333333333333,37.3333333333333360,1.0
56,D05,25.6666666666666667,3.0000000000000000,38.1666666666666640,1.0
56,D06,30.6666666666666667,2.6666666666666667,39.0000000000000000,1.0
56,D07,27.3333333333333333,2.6666666666666667,39.8333333333333360,1.0
56,D08,28.0000000000000000,3.3333333333333333,40.6666666666666640,1.0
56,D09,29.0000000000000000,1.6666666666666667,41.5000000000000000,2.4
56,D10,28.3333333333333333,3.3333333333333333,42.3333333333333300,1.0
57,D01,22.0000000000000000,3.0000000000000000,34.8333333333333360,1.6666666666666667
57,D02,19.3333333333333333,2.6666666666666667,35.6666666666666640,1.0
57,D03,25.6666666666666667,1.6666666666666667,36.5000000000000000,2.2
57,D04,17.6666666666666667,2.3333333333333333,37.3333333333333360,1.0
57,D05,21.3333333333333333,5.3333333333333333,38.1666666666666640,1.0
57,D06,20.3333333333333333,3.6666666666666667,39.0000000000000000,1.0
57,D07,20.3333333333333333,4.0000000000000000,39.8333333333333360,1.0
57,D08,20.6666666666666667,4.3333333333333333,40.6666666666666640,1.0
57,D09,22.6666666666666667,1.00000000000000000000,41.5000000000000000,2.4
57,D10,21.3333333333333333,4.6666666666666667,42.3333333333333300,1.0
58,D01,23.6666666666666667,3.6666666666666667,34.8333333333333360,1.6666666666666667
58,D02,22.0000000000000000,1.6666666666666667,35.6666666666666640,1.0
58,D03,29.3333333333333333,2.0000000000000000,36.5000000000000000,2.2
58,D04,19.0000000000000000,3.3333333333333333,37.3333333333333360,1.0
58,D05,21.0000000000000000,4.6666666666666667,38.1666666666666640,1.0
58,D06,26.6666666666666667,2.6666666666666667,39.0000000000000000,1.0
58,D07,21.0000000000000000,4.3333333333333333,39.8333333333333360,1.0
58,D08,21.0000000000000000,4.0000000000000000,40.6666666666666640,1.0
58,D09,26.3333333333333333,2.0000000000000000,41.5000000000000000,2.4
58,D10,23.6666666666666667,3.6666666666666667,42.3333333333333300,1.0
59,D01,29.0000000000000000,1.6666666666666667,34.8333333333333360,1.6666666666666667
59,D02,30.6666666666666667,2.0000000000000000,35.6666666666666640,1.0
59,D03,33.3333333333333333,1.00000000000000000000,36.5000000000000000,2.2
59,D04,26.6666666666666667,2.0000000000000000,37.3333333333333360,1.0
59,D05,28.0000000000000000,3.3333333333333333,38.1666666666666640,1.0
59,D06,31.6666666666666667,1.3333333333333333,39.0000000000000000,1.0
59,D07,27.6666666666666667,2.0000000000000000,39.8333333333333360,1.0
59,D08,28.3333333333333333,2.6666666666666667,40.6666666666666640,1.0
59,D09,31.0000000000000000,1.3333333333333333,41.5000000000000000,2.4
59,D10,29.3333333333333333,2.3333333333333333,42.3333333333333300,1.0
60,D01,30.0000000000000000,3.3333333333333333,34.8333333333333360,1.6666666666666667
60,D02,28.0000000000000000,2.3333333333333333,35.6666666666666640,1.0
60,D03,31.3333333333333333,2.6666666666666667,36.5000000000000000,2.2
60,D04,28.3333333333333333,2.3333333333333333,37.3333333333333360,1.0
60,D05,28.6666666666666667,2.0000000000000000,38.1666666666666640,1.0
60,D06,28.6666666666666667,2.6666666666666667,39.0000000000000000,1.0
60,D07,28.3333333333333333,1.6666666666666667,39.8333333333333360,1.0
60,D08,28.6666666666666667,3.0000000000000000,40.6666666666666640,1.0
60,D09,30.0000000000000000,2.0000000000000000,41.5000000000000000,2.4
60,D10,29.0000000000000000,3.0000000000000000,42.3333333333333300,1.0
61,D01,33.6666666666666667,0.66666666666666666667,34.8333333333333360,1.6666666666666667
61,D02,35.3333333333333333,0.33333333333333333333,35.6666666666666640,1.0
61,D03,36.0000000000000000,0.33333333333333333333,36.5000000000000000,2.2
61,D04,32.6666666666666667,1.3333333333333333,37.3333333333333360,1.0
61,D05,33.3333333333333333,1.6666666666666667,38.1666666666666640,1.0
61,D06,36.0000000000000000,0.33333333333333333333,39.0000000000000000,1.0
61,D07,35.0000000000000000,1.3333333333333333,39.8333333333333360,1.0
61,D08,34.0000000000000000,0.66666666666666666667,40.6666666666666640,1.0
61,D09,34.6666666666666667,0.66666666666666666667,41.5000000000000000,2.4
61,D10,34.6666666666666667,0.66666666666666666667,42.3333333333333300,1.0
62,D01,32.3333333333333333,2.3333333333333333,34.8333333333333360,1.6666666666666667
62,D02,32.6666666666666667,1.3333333333333333,35.6666666666666640,1.0
62,D03,33.0000000000000000,1.3333333333333333,36.5000000000000000,2.2
62,D04,31.6666666666666667,2.3333333333333333,37.3333333333333360,1.0
62,D05,31.3333333333333333,2.0000000000000000,38.1666666666666640,1.0
62,D06,33.3333333333333333,1.3333333333333333,39.0000000000000000,1.0
62,D07,31.6666666666666667,1.3333333333333333,39.8333333333333360,1.0
62,D08,32.6666666666666667,2.3333333333333333,40.6666666666666640,1.0
62,D09,32.3333333333333333,1.3333333333333333,41.5000000000000000,2.4
62,D10,33.6666666666666667,2.6666666666666667,42.3333333333333300,1.0
63,D01,30.0000000000000000,2.3333333333333333,34.8333333333333360,1.6666666666666667
63,D02,32.6666666666666667,2.0000000000000000,35.6666666666666640,1.0
63,D03,30.6666666666666667,1.3333333333333333,36.5000000000000000,2.2
63,D04,27.0000000000000000,3.0000000000000000,37.3333333333333360,1.0
63,D05,28.0000000000000000,3.0000000000000000,38.1666666666666640,1.0
63,D06,31.6666666666666667,1.3333333333333333,39.0000000000000000,1.0
63,D07,29.3333333333333333,3.0000000000000000,39.8333333333333360,1.0
63,D08,30.0000000000000000,1.3333333333333333,40.6666666666666640,1.0
63,D09,32.6666666666666667,2.3333333333333333,41.5000000000000000,2.4
63,D10,30.6666666666666667,1.00000000000000000000,42.3333333333333300,1.0
64,D01,31.6666666666666667,1.3333333333333333,34.8333333333333360,1.6666666666666667
64,D02,31.0000000000000000,2.6666666666666667,35.6666666666666640,1.0
64,D03,29.0000000000000000,1.3333333333333333,36.5000000000000000,2.2
64,D04,31.6666666666666667,1.6666666666666667,37.3333333333333360,1.0
64,D05,32.0000000000000000,1.00000000000000000000,38.1666666666666640,1.0
64,D06,29.6666666666666667,2.0000000000000000,39.0000000000000000,1.0
64,D07,31.3333333333333333,1.6666666666666667,39.8333333333333360,1.0
64,D08,31.0000000000000000,1.6666666666666667,40.6666666666666640,1.0
64,D09,30.6666666666666667,1.3333333333333333,41.5000000000000000,2.4
64,D10,29.6666666666666667,1.3333333333333333,42.3333333333333300,1.0
65,D01,24.6666666666666667,3.0000000000000000,34.8333333333333360,1.6666666666666667
65,D02,24.6666666666666667,2.6666666666666667,35.6666666666666640,1.0
65,D03,29.6666666666666667,1.6666666666666667,36.5000000000000000,2.2
65,D04,20.0000000000000000,3.0000000000000000,37.3333333333333360,1.0
65,D05,23.3333333333333333,4.6666666666666667,38.1666666666666640,1.0
65,D06,26.6666666666666667,2.6666666666666667,39.0000000000000000,1.0
65,D07,22.3333333333333333,3.3333333333333333,39.8333333333333360,1.0
65,D08,23.6666666666666667,3.6666666666666667,40.6666666666666640,1.0
65,D09,27.3333333333333333,2.6666666666666667,41.5000000000000000,2.4
65,D10,26.3333333333333333,4.0000000000000000,42.3333333333333300,1.0
66,D01,30.0000000000000000,1.6666666666666667,34.8333333333333360,1.6666666666666667
66,D02,30.6666666666666667,1.00000000000000000000,35.6666666666666640,1.0
66,D03,34.0000000000000000,1.3333333333333333,36.5000000000000000,2.2
66,D04,26.0000000000000000,2.6666666666666667,37.3333333333333360,1.0
66,D05,27.3333333333333333,3.0000000000000000,38.1666666666666640,1.0
66,D06,31.3333333333333333,0.66666666666666666667,39.0000000000000000,1.0
66,D07,29.0000000000000000,2.3333333333333333,39.8333333333333360,1.0
66,D08,30.6666666666666667,2.0000000000000000,40.6666666666666640,1.0
66,D09,31.3333333333333333,1.00000000000000000000,41.5000000000000000,2.4
66,D10,31.3333333333333333,2.3333333333333333,42.3333333333333300,1.0
67,D01,30.3333333333333333,1.6666666666666667,34.8333333333333360,1.6666666666666667
67,D02,30.3333333333333333,1.3333333333333333,35.6666666666666640,1.0
67,D03,30.3333333333333333,1.6666666666666667,36.5000000000000000,2.2
67,D04,30.0000000000000000,1.3333333333333333,37.3333333333333360,1.0
67,D05,31.0000000000000000,2.3333333333333333,38.1666666666666640,1.0
67,D06,31.0000000000000000,2.3333333333333333,39.0000000000000000,1.0
67,D07,30.3333333333333333,1.6666666666666667,39.8333333333333360,1.0
67,D08,30.3333333333333333,1.6666666666666667,40.6666666666666640,1.0
67,D09,30.6666666666666667,2.0000000000000000,41.5000000000000000,2.4
67,D10,30.3333333333333333,1.6666666666666667,42.3333333333333300,1.0
68,D01,23.6666666666666667,4.0000000000000000,34.8333333333333360,1.6666666666666667
68,D02,24.6666666666666667,3.6666666666666667,35.6666666666666640,1.0
68,D03,28.0000000000000000,1.6666666666666667,36.5000000000000000,2.2
68,D04,18.6666666666666667,3.3333333333333333,37.3333333333333360,1.0
68,D05,21.0000000000000000,4.6666666666666667,38.1666666666666640,1.0
68,D06,25.3333333333333333,3.6666666666666667,39.0000000000000000,1.0
68,D07,20.3333333333333333,4.0000000000000000,39.8333333333333360,1.0
68,D08,22.0000000000000000,5.0000000000000000,40.6666666666666640,1.0
68,D09,25.6666666666666667,3.0000000000000000,41.5000000000000000,2.4
68,D10,22.0000000000000000,3.0000000000000000,42.3333333333333300,1.0
69,D01,24.3333333333333333,1.3333333333333333,34.8333333333333360,1.6666666666666667
69,D02,24.3333333333333333,1.3333333333333333,35.6666666666666640,1.0
69,D03,30.3333333333333333,2.3333333333333333,36.5000000000000000,2.2
69,D04,19.3333333333333333,2.6666666666666667,37.3333333333333360,1.0
69,D05,23.6666666666666667,5.6666666666666667,38.1666666666666640,1.0
69,D06,25.0000000000000000,1.3333333333333333,39.0000000000000000,1.0
69,D07,24.0000000000000000,3.3333333333333333,39.8333333333333360,1.0
69,D08,25.3333333333333333,3.0000000000000000,40.6666666666666640,1.0
69,D09,27.3333333333333333,1.00000000000000000000,41.5000000000000000,2.4
69,D10,27.0000000000000000,4.3333333333333333,42.3333333333333300,1.0
70,D01,25.6666666666666667,2.3333333333333333,34.8333333333333360,1.6666666666666667
70,D02,24.0000000000000000,1.6666666666666667,35.6666666666666640,1.0
70,D03,28.6666666666666667,2.0000000000000000,36.5000000000000000,2.2
70,D04,24.0000000000000000,3.3333333333333333,37.3333333333333360,1.0
70,D05,25.0000000000000000,3.6666666666666667,38.1666666666666640,1.0
70,D06,25.0000000000000000,3.0000000000000000,39.0000000000000000,1.0
70,D07,24.3333333333333333,2.6666666666666667,39.8333333333333360,1.0
70,D08,25.3333333333333333,3.6666666666666667,40.6666666666666640,1.0
70,D09,26.3333333333333333,1.3333333333333333,41.5000000000000000,2.4
70,D10,25.6666666666666667,3.6666666666666667,42.3333333333333300,1.0
71,D01,27.0000000000000000,1.6666666666666667,34.8333333333333360,1.6666666666666667
71,D02,25.0000000000000000,2.0000000000000000,35.6666666666666640,1.0
71,D03,29.0000000000000000,1.00000000000000000000,36.5000000000000000,2.2
71,D04,24.3333333333333333,3.0000000000000000,37.3333333333333360,1.0
71,D05,25.0000000000000000,3.6666666666666667,38.1666666666666640,1.0
71,D06,26.3333333333333333,3.0000000000000000,39.0000000000000000,1.0
71,D07,25.3333333333333333,2.0000000000000000,39.8333333333333360,1.0
71,D08,26.0000000000000000,3.0000000000000000,40.6666666666666640,1.0
71,D09,27.6666666666666667,1.00000000000000000000,41.5000000000000000,2.4
71,D10,26.0000000000000000,2.6666666666666667,42.3333333333333300,1.0
72,D01,23.6666666666666667,1.6666666666666667,34.8333333333333360,1.6666666666666667
72,D02,22.3333333333333333,1.3333333333333333,35.6666666666666640,1.0
72,D03,30.6666666666666667,2.3333333333333333,36.5000000000000000,2.2
72,D04,22.0000000000000000,3.0000000000000000,37.3333333333333360,1.0
72,D05,24.0000000000000000,5.0000000000000000,38.1666666666666640,1.0
72,D06,25.3333333333333333,1.6666666666666667,39.0000000000000000,1.0
72,D07,23.6666666666666667,4.3333333333333333,39.8333333333333360,1.0
72,D08,22.6666666666666667,3.3333333333333333,40.6666666666666640,1.0
72,D09,25.0000000000000000,0.66666666666666666667,41.5000000000000000,2.4
72,D10,25.3333333333333333,4.6666666666666667,42.3333333333333300,1.0
73,D01,20.0000000000000000,4.3333333333333333,34.8333333333333360,1.6666666666666667
73,D02,17.3333333333333333,5.0000000000000000,35.6666666666666640,1.0
73,D03,22.0000000000000000,2.3333333333333333,36.5000000000000000,2.2
73,D04,18.3333333333333333,5.3333333333333333,37.3333333333333360,1.0
73,D05,16.0000000000000000,3.3333333333333333,38.1666666666666640,1.0
73,D06,17.3333333333333333,4.3333333333333333,39.0000000000000000,1.0
73,D07,16.3333333333333333,4.0000000000000000,39.8333333333333360,1.0
73,D08,16.6666666666666667,4.3333333333333333,40.6666666666666640,1.0
73,D09,20.6666666666666667,3.6666666666666667,41.5000000000000000,2.4
73,D10,15.6666666666666667,3.6666666666666667,42.3333333333333300,1.0
74,D01,23.6666666666666667,3.0000000000000000,34.8333333333333360,1.6666666666666667
74,D02,24.3333333333333333,1.6666666666666667,35.6666666666666640,1.0
74,D03,29.3333333333333333,1.6666666666666667,36.5000000000000000,2.2
74,D04,18.6666666666666667,2.6666666666666667,37.3333333333333360,1.0
74,D05,21.6666666666666667,5.3333333333333333,38.1666666666666640,1.0
74,D06,25.3333333333333333,2.3333333333333333,39.0000000000000000,1.0
74,D07,21.6666666666666667,4.3333333333333333,39.8333333333333360,1.0
74,D08,20.6666666666666667,3.3333333333333333,40.6666666666666640,1.0
74,D09,26.0000000000000000,1.3333333333333333,41.5000000000000000,2.4
74,D10,25.0000000000000000,4.3333333333333333,42.3333333333333300,1.0
75,D01,17.6666666666666667,3.0000000000000000,34.8333333333333360,1.6666666666666667
75,D02,16.6666666666666667,3.3333333333333333,35.6666666666666640,1.0
75,D03,23.3333333333333333,3.0000000000000000,36.5000000000000000,2.2
75,D04,15.3333333333333333,4.3333333333333333,37.3333333333333360,1.0
75,D05,17.6666666666666667,6.3333333333333333,38.1666666666666640,1.0
75,D06,19.0000000000000000,4.3333333333333333,39.0000000000000000,1.0
75,D07,16.3333333333333333,5.3333333333333333,39.8333333333333360,1.0
75,D08,15.6666666666666667,4.3333333333333333,40.6666666666666640,1.0
75,D09,21.0000000000000000,3.0000000000000000,41.5000000000000000,2.4
75,D10,18.0000000000000000,5.3333333333333333,42.3333333333333300,1.0
76,D01,30.3333333333333333,1.3333333333333333,34.8333333333333360,1.6666666666666667
76,D02,34.3333333333333333,1.3333333333333333,35.6666666666666640,1.0
76,D03,34.6666666666666667,1.3333333333333333,36.5000000000000000,2.2
76,D04,28.0000000000000000,2.0000000000000000,37.3333333333333360,1.0
76,D05,29.6666666666666667,3.3333333333333333,38.1666666666666640,1.0
76,D06,34.6666666666666667,1.00000000000000000000,39.0000000000000000,1.0
76,D07,29.3333333333333333,2.6666666666666667,39.8333333333333360,1.0
76,D08,29.6666666666666667,2.0000000000000000,40.6666666666666640,1.0
76,D09,32.6666666666666667,1.3333333333333333,41.5000000000000000,2.4
76,D10,30.0000000000000000,1.6666666666666667,42.3333333333333300,1.0
77,D01,22.0000000000000000,3.3333333333333333,34.8333333333333360,1.6666666666666667
77,D02,19.0000000000000000,3.0000000000000000,35.6666666666666640,1.0
77,D03,24.3333333333333333,4.0000000000000000,36.5000000000000000,2.2
77,D04,20.0000000000000000,3.6666666666666667,37.3333333333333360,1.0
77,D05,20.3333333333333333,4.3333333333333333,38.1666666666666640,1.0
77,D06,19.0000000000000000,3.0000000000000000,39.0000000000000000,1.0
77,D07,20.0000000000000000,4.3333333333333333,39.8333333333333360,1.0
77,D08,20.6666666666666667,3.3333333333333333,40.6666666666666640,1.0
77,D09,22.6666666666666667,2.6666666666666667,41.5000000000000000,2.4
77,D10,20.6666666666666667,4.3333333333333333,42.3333333333333300,1.0
78,D01,11.3333333333333333,4.6666666666666667,34.8333333333333360,1.6666666666666667
78,D02,7.6666666666666667,5.3333333333333333,35.6666666666666640,1.0
78,D03,19.0000000000000000,2.0000000000000000,36.5000000000000000,2.2
78,D04,5.0000000000000000,4.6666666666666667,37.3333333333333360,1.0
78,D05,10.0000000000000000,9.6666666666666667,38.1666666666666640,1.0
78,D06,11.3333333333333333,7.3333333333333333,39.0000000000000000,1.0
78,D07,6.3333333333333333,5.6666666666666667,39.8333333333333360,1.0
78,D08,9.6666666666666667,8.3333333333333333,40.6666666666666640,1.0
78,D09,13.6666666666666667,2.0000000000000000,41.5000000000000000,2.4
78,D10,9.3333333333333333,7.6666666666666667,42.3333333333333300,1.0
79,D01,32.0000000000000000,1.00000000000000000000,34.8333333333333360,1.6666666666666667
79,D02,33.6666666666666667,1.3333333333333333,35.6666666666666640,1.0
79,D03,33.0000000000000000,1.00000000000000000000,36.5000000000000000,2.2
79,D04,31.0000000000000000,1.3333333333333333,37.3333333333333360,1.0
79,D05,31.6666666666666667,1.6666666666666667,38.1666666666666640,1.0
79,D06,34.0000000000000000,1.3333333333333333,39.0000000000000000,1.0
79,D07,31.0000000000000000,1.3333333333333333,39.8333333333333360,1.0
79,D08,31.6666666666666667,1.6666666666666667,40.6666666666666640,1.0
79,D09,32.6666666666666667,1.00000000000000000000,41.5000000000000000,2.4
79,D10,31.6666666666666667,1.00000000000000000000,42.3333333333333300,1.0
80,D01,20.0000000000000000,3.6666666666666667,34.8333333333333360,1.6666666666666667
80,D02,17.6666666666666667,3.3333333333333333,35.6666666666666640,1.0
80,D03,21.3333333333333333,3.0000000000000000,36.5000000000000000,2.2
80,D04,16.6666666666666667,4.6666666666666667,37.3333333333333360,1.0
80,D05,17.3333333333333333,4.6666666666666667,38.1666666666666640,1.0
80,D06,18.6666666666666667,5.0000000000000000,39.0000000000000000,1.0
80,D07,17.0000000000000000,4.0000000000000000,39.8333333333333360,1.0
80,D08,18.3333333333333333,4.0000000000000000,40.6666666666666640,1.0
80,D09,21.3333333333333333,3.6666666666666667,41.5000000000000000,2.4
80,D10,18.0000000000000000,4.0000000000000000,42.3333333333333300,1.0
