1,D03,34.6666666666666667,1.6666666666666667,36.5000000000000000,90.0000000000000000,415.9817351598173533
1,D07,34.0000000000000000,1.3333333333333333,39.8333333333333360,90.0000000000000000,315.8995815899581900
1,D06,33.6666666666666667,1.00000000000000000000,39.0000000000000000,90.0000000000000000,244.4444444444444467
1,D05,33.0000000000000000,1.3333333333333333,38.1666666666666640,90.0000000000000000,327.9475982532751133
1,D08,33.0000000000000000,1.00000000000000000000,40.6666666666666640,90.0000000000000000,240.1639344262294933
1,D09,34.3333333333333333,1.6666666666666667,41.5000000000000000,90.0000000000000000,378.7148594377510400
1,D04,33.3333333333333333,1.6666666666666667,37.3333333333333360,90.0000000000000000,412.5000000000000067
1,D02,34.3333333333333333,1.3333333333333333,35.6666666666666640,90.0000000000000000,340.1869158878504900
1,D01,33.6666666666666667,1.6666666666666667,34.8333333333333360,90.0000000000000000,433.9712918660286667
1,D10,33.3333333333333333,1.00000000000000000000,42.3333333333333300,90.0000000000000000,233.8582677165354633
2,D01,35.3333333333333333,0.33333333333333333333,34.8333333333333360,90.0000000000000000,84.6889952153110161
2,D05,34.3333333333333333,0.66666666666666666667,38.1666666666666640,90.0000000000000000,167.2489082969432337
2,D06,35.0000000000000000,0.66666666666666666667,39.0000000000000000,90.0000000000000000,164.1025641025641025
2,D03,35.3333333333333333,0.66666666666666666667,36.5000000000000000,90.0000000000000000,167.5799086757990867
2,D07,35.3333333333333333,0.33333333333333333333,39.8333333333333360,90.0000000000000000,86.6108786610878680
2,D10,35.3333333333333333,0.66666666666666666667,42.3333333333333300,90.0000000000000000,158.2677165354330713
2,D09,35.0000000000000000,0.33333333333333333333,41.5000000000000000,90.0000000000000000,87.9518072289156680
2,D04,34.3333333333333333,1.00000000000000000000,37.3333333333333360,90.0000000000000000,249.1071428571428725
2,D08,35.0000000000000000,0.33333333333333333333,40.6666666666666640,90.0000000000000000,87.7049180327868787
2,D02,34.6666666666666667,0.66666666666666666667,35.6666666666666640,90.0000000000000000,171.0280373831775713
3,D04,28.6666666666666667,2.0000000000000000,37.3333333333333360,47.0000000000000000,274.9999999999999967
3,D01,31.3333333333333333,1.6666666666666667,34.8333333333333360,71.3333333333333333,387.0813397129186433
3,D07,31.0000000000000000,1.6666666666666667,39.8333333333333360,71.3333333333333333,351.8828451882845100
3,D08,33.0000000000000000,1.6666666666666667,40.6666666666666640,71.0000000000000000,340.9836065573771033
3,D09,34.6666666666666667,1.3333333333333333,41.5000000000000000,71.0000000000000000,259.8393574297188733
3,D10,35.0000000000000000,1.00000000000000000000,42.3333333333333300,65.6666666666666667,229.9212598425196840
3,D03,35.3333333333333333,0.66666666666666666667,36.5000000000000000,65.6666666666666667,167.5799086757990867
3,D06,35.6666666666666667,0.66666666666666666667,39.0000000000000000,65.6666666666666667,162.3931623931623950
3,D02,35.3333333333333333,1.00000000000000000000,35.6666666666666640,65.3333333333333333,253.2710280373831856
3,D05,30.3333333333333333,2.3333333333333333,38.1666666666666640,52.3333333333333333,373.3624454148472000
4,D02,33.0000000000000000,2.0000000000000000,35.6666666666666640,23.0000000000000000,138.3177570093457856
4,D04,33.3333333333333333,1.6666666666666667,37.3333333333333360,14.3333333333333333,73.2142857142857158
4,D10,32.6666666666666667,1.3333333333333333,42.3333333333333300,23.1666666666666667,90.1574803149606340
4,D07,32.3333333333333333,1.00000000000000000000,39.8333333333333360,20.8333333333333333,56.9037656903765740
4,D01,32.6666666666666667,1.6666666666666667,34.8333333333333360,24.6666666666666667,94.2583732057416297
4,D08,32.3333333333333333,1.3333333333333333,40.6666666666666640,24.6666666666666667,72.1311475409836060
4,D05,32.6666666666666667,0.66666666666666666667,38.1666666666666640,13.5000000000000000,36.2445414847161523
4,D09,32.0000000000000000,1.00000000000000000000,41.5000000000000000,28.1666666666666667,77.5100401606425773
4,D06,33.3333333333333333,1.6666666666666667,39.0000000000000000,41.5000000000000000,213.2478632478632442
4,D03,32.6666666666666667,1.3333333333333333,36.5000000000000000,41.3333333333333333,205.9360730593607367
5,D09,30.0000000000000000,1.6666666666666667,41.5000000000000000,26.1666666666666667,157.0281124497991907
5,D06,30.6666666666666667,2.0000000000000000,39.0000000000000000,14.6111111111111113,107.2649572649572575
5,D05,25.3333333333333333,4.0000000000000000,38.1666666666666640,13.5000000000000000,180.7860262008733700
5,D10,30.0000000000000000,2.6666666666666667,42.3333333333333300,19.6666666666666667,159.8425196850393840
5,D01,27.0000000000000000,2.3333333333333333,34.8333333333333360,19.6666666666666667,172.7272727272727313
5,D02,29.3333333333333333,2.0000000000000000,35.6666666666666640,13.2500000000000000,107.4766355140186890
5,D07,25.3333333333333333,2.6666666666666667,39.8333333333333360,20.8333333333333333,222.5941422594142233
5,D03,32.0000000000000000,1.3333333333333333,36.5000000000000000,16.0000000000000000,73.5159817351598167
5,D04,24.3333333333333333,3.6666666666666667,37.3333333333333360,13.2222222222222220,172.6190476190476133
5,D08,28.3333333333333333,2.0000000000000000,40.6666666666666640,24.3333333333333333,185.2459016393442627
6,D10,30.3333333333333333,2.3333333333333333,42.3333333333333300,9.7777777777777778,92.1259842519684973
6,D01,28.3333333333333333,2.0000000000000000,34.8333333333333360,8.6666666666666667,76.0765550239234464
6,D09,31.3333333333333333,2.3333333333333333,41.5000000000000000,12.5000000000000000,107.6305220883534173
6,D07,29.0000000000000000,3.3333333333333333,39.8333333333333360,11.0555555555555555,155.2301255230125540
6,D05,27.6666666666666667,3.6666666666666667,38.1666666666666640,8.9841269841269839,148.3260553129548603
6,D04,26.0000000000000000,4.0000000000000000,37.3333333333333360,8.9365079365079363,154.8894557823129133
6,D02,29.6666666666666667,2.3333333333333333,35.6666666666666640,8.3611111111111110,75.7009345794392423
6,D06,29.6666666666666667,2.0000000000000000,39.0000000000000000,9.6666666666666670,79.4871794871794908
6,D08,28.6666666666666667,2.3333333333333333,40.6666666666666640,8.7777777777777780,87.7049180327868827
6,D03,32.3333333333333333,1.6666666666666667,36.5000000000000000,13.5555555555555553,81.7351598173516000
7,D10,29.3333333333333333,2.0000000000000000,42.3333333333333300,8.0444444444444445,59.5275590551181050
7,D04,27.6666666666666667,2.3333333333333333,37.3333333333333360,3.4031746031746032,46.0374149659864017
7,D06,29.6666666666666667,2.6666666666666667,39.0000000000000000,8.3333333333333333,76.6381766381766353
7,D02,28.6666666666666667,1.3333333333333333,35.6666666666666640,7.5000000000000003,50.3115264797507720
7,D09,30.3333333333333333,2.3333333333333333,41.5000000000000000,8.2500000000000000,72.0883534136546187
7,D03,28.6666666666666667,2.0000000000000000,36.5000000000000000,11.7222222222222220,85.3881278538812813
7,D07,29.3333333333333333,3.0000000000000000,39.8333333333333360,4.4722222222222222,58.9260808926080833
7,D01,28.3333333333333333,2.0000000000000000,34.8333333333333360,7.4444444444444443,57.2567783094098890
7,D05,29.3333333333333333,2.6666666666666667,38.1666666666666640,3.6507936507936507,46.2674152630484483
7,D08,27.0000000000000000,1.3333333333333333,40.6666666666666640,6.9722222222222220,55.6693989071038220
8,D10,30.3333333333333333,0.66666666666666666667,36.6666666666666640,8.0444444444444445,34.2913385826771617
8,D07,27.0000000000000000,1.00000000000000000000,34.1666666666666680,4.4722222222222222,33.3460586995693770
8,D06,30.0000000000000000,0.00000000000000000000,33.3333333333333333,7.6222222222222223,11.1888111888111893
8,D01,28.0000000000000000,1.00000000000000000000,29.1666666666666680,7.3611111111111110,25.2515315476456625
8,D09,29.6666666666666667,0.66666666666666666667,35.8333333333333333,8.2500000000000000,31.3785755265961787
8,D08,27.6666666666666667,0.66666666666666666667,34.9999999999999973,6.9722222222222220,33.0071961825598307
8,D02,30.0000000000000000,0.66666666666666666667,29.9999999999999987,7.5000000000000003,15.3649310191366271
8,D05,26.0000000000000000,1.3333333333333333,32.4999999999999973,3.6507936507936507,34.3900789693864607
8,D04,25.6666666666666667,1.6666666666666667,31.6666666666666680,3.4031746031746032,34.9843871975019527
8,D03,30.0000000000000000,0.33333333333333333333,30.8333333333333333,10.8333333333333333,16.7193537056550742
9,D08,44.6666666666666667,1.3333333333333333,52.6666666666666660,4.9722222222222220,41.5597529104300293
9,D07,21.6666666666666667,1.6666666666666667,51.8333333333333340,3.5833333333333333,66.9456066945606700
9,D01,44.0000000000000000,1.00000000000000000000,46.8333333333333340,7.3611111111111110,30.6951871657754005
9,D06,45.6666666666666667,1.3333333333333333,51.0000000000000000,5.8888888888888890,39.2592592592592637
9,D09,45.0000000000000000,1.3333333333333333,53.5000000000000000,5.5833333333333333,45.5952843632594867
9,D02,45.3333333333333333,1.3333333333333333,47.6666666666666660,7.5000000000000003,30.8374990943997745
9,D03,45.3333333333333333,1.00000000000000000000,48.5000000000000000,10.8333333333333333,39.0489686663517551
9,D10,45.0000000000000000,1.00000000000000000000,54.3333333333333300,8.0444444444444445,38.7954431228011367
9,D05,21.6666666666666667,2.0000000000000000,50.1666666666666660,3.6507936507936507,65.9388646288209583
9,D04,43.0000000000000000,1.00000000000000000000,49.3333333333333340,2.6888888888888888,26.1958874458874480
10,D01,45.6666666666666667,0.33333333333333333333,45.8333333333333340,7.3611111111111110,7.4270442691495349
10,D02,46.0000000000000000,0.33333333333333333333,46.6666666666666660,7.5000000000000003,6.2607748843117664
10,D10,45.6666666666666667,0.33333333333333333333,53.3333333333333300,8.0444444444444445,19.0153996237195933
10,D05,22.3333333333333333,1.00000000000000000000,49.1666666666666660,3.6507936507936507,52.2561863173216853
10,D03,45.6666666666666667,0.33333333333333333333,47.5000000000000000,10.8333333333333333,13.0711868861075510
10,D08,45.6666666666666667,0.33333333333333333333,51.6666666666666660,4.9722222222222220,16.6094874267487560
10,D09,46.0000000000000000,0.33333333333333333333,52.5000000000000000,5.5833333333333333,20.2231745775046473
10,D06,45.6666666666666667,0.33333333333333333333,50.0000000000000000,5.8888888888888890,15.4202279202279192
10,D07,23.6666666666666667,0.33333333333333333333,50.8333333333333340,3.5833333333333333,43.9330543933054430
10,D04,21.3333333333333333,1.3333333333333333,48.3333333333333340,2.6888888888888888,57.2619047619047633
11,D02,26.3333333333333333,2.0000000000000000,28.9999999999999980,7.5000000000000003,64.0949161529793833
11,D01,24.3333333333333333,2.3333333333333333,28.1666666666666687,7.3611111111111110,81.3468809920613613
11,D10,26.0000000000000000,2.0000000000000000,35.6666666666666640,8.0444444444444445,70.1802013554275850
11,D05,24.3333333333333333,2.3333333333333333,31.4999999999999973,3.6507936507936507,52.3965958323556083
11,D07,25.6666666666666667,2.3333333333333333,33.1666666666666680,4.4722222222222222,54.8972727166180287
11,D04,23.0000000000000000,2.0000000000000000,30.6666666666666680,3.4031746031746032,50.9203296703296767
11,D06,26.6666666666666667,1.6666666666666667,32.3333333333333333,7.6222222222222223,58.3505772979457187
11,D09,26.0000000000000000,2.0000000000000000,34.8333333333333333,8.2500000000000000,74.1757728588773700
11,D08,25.0000000000000000,2.0000000000000000,33.9999999999999973,6.9722222222222220,66.6468358893001867
11,D03,26.0000000000000000,1.3333333333333333,29.8333333333333333,10.8333333333333333,60.9381486093814847
12,D02,33.0000000000000000,1.3333333333333333,35.6666666666666640,7.5000000000000003,38.1619937694703983
12,D10,32.6666666666666667,1.00000000000000000000,42.3333333333333300,8.0444444444444445,41.0761154855643007
12,D09,33.3333333333333333,1.6666666666666667,41.5000000000000000,8.2500000000000000,52.0080321285140533
12,D08,32.6666666666666667,1.00000000000000000000,40.6666666666666640,6.9722222222222220,40.4371584699453483
12,D07,33.3333333333333333,1.6666666666666667,39.8333333333333360,4.4722222222222222,37.7266387726638790
12,D01,33.3333333333333333,1.6666666666666667,34.8333333333333360,7.2777777777777777,39.7129186602870866
12,D03,32.0000000000000000,0.66666666666666666667,36.5000000000000000,10.8333333333333333,32.8767123287671223
12,D06,33.3333333333333333,2.0000000000000000,39.0000000000000000,7.6222222222222223,53.6182336182336187
12,D04,32.0000000000000000,2.3333333333333333,37.3333333333333360,3.4031746031746032,35.1360544217687070
12,D05,31.6666666666666667,1.3333333333333333,38.1666666666666640,3.6507936507936507,32.1272613849032970
13,D07,26.6666666666666667,2.6666666666666667,39.8333333333333360,4.4722222222222222,69.0376569037656907
13,D09,28.3333333333333333,1.00000000000000000000,41.5000000000000000,8.2500000000000000,51.4056224899598373
13,D06,26.6666666666666667,2.6666666666666667,39.0000000000000000,7.6222222222222223,94.5868945868945842
13,D01,27.6666666666666667,1.6666666666666667,34.8333333333333360,7.2777777777777777,59.1706539074960064
13,D02,25.6666666666666667,1.6666666666666667,35.6666666666666640,7.5000000000000003,67.2897196261682190
13,D04,24.0000000000000000,2.0000000000000000,37.3333333333333360,3.4031746031746032,53.9455782312925177
13,D08,26.0000000000000000,2.0000000000000000,40.6666666666666640,6.9722222222222220,69.1256830601092927
13,D05,25.6666666666666667,3.3333333333333333,38.1666666666666640,3.6507936507936507,69.3907257226034433
13,D03,29.6666666666666667,1.00000000000000000000,36.5000000000000000,10.8333333333333333,50.2283105022831033
13,D10,27.0000000000000000,3.0000000000000000,42.3333333333333300,8.0444444444444445,103.9370078740157473
14,D02,16.6666666666666667,2.0000000000000000,24.3333333333333333,6.1666666666666667,73.4701824655095691
14,D03,19.6666666666666667,1.6666666666666667,25.1666666666666667,10.8333333333333333,80.3652968036529642
14,D04,12.6666666666666667,3.0000000000000000,26.0000000000000000,3.4031746031746032,89.7599531615924993
14,D01,16.0000000000000000,2.6666666666666667,23.5000000000000000,7.2777777777777777,113.8055418921134656
14,D10,14.6666666666666667,2.3333333333333333,30.9999999999999980,4.5444444444444445,86.4711976792374623
14,D07,14.0000000000000000,2.3333333333333333,28.5000000000000000,4.0555555555555555,86.7544207922303990
14,D05,13.0000000000000000,3.0000000000000000,26.8333333333333307,3.5174603174603174,90.0505449919196773
14,D08,15.3333333333333333,3.3333333333333333,29.3333333333333307,6.9166666666666667,126.3276379589009500
14,D09,17.3333333333333333,2.0000000000000000,30.1666666666666667,8.2500000000000000,91.5170887632161267
14,D06,19.6666666666666667,1.6666666666666667,27.6666666666666667,5.5111111111111110,57.5887075887075890
15,D05,8.0000000000000000,2.0000000000000000,15.4999999999999987,0.83333333333333333333,92.1397379912663767
15,D07,7.3333333333333333,1.3333333333333333,17.1666666666666673,1.3333333333333333,94.9790794979079500
15,D02,8.3333333333333333,1.3333333333333333,12.9999999999999990,1.8333333333333333,97.1962616822429900
15,D10,8.0000000000000000,1.00000000000000000000,19.6666666666666647,3.6666666666666667,91.7322834645669300
15,D09,8.3333333333333333,1.00000000000000000000,18.8333333333333333,1.8333333333333333,93.1726907630522067
15,D08,6.6666666666666667,0.66666666666666666667,17.9999999999999987,1.11111111111111116667,89.0710382513661200
15,D01,7.3333333333333333,0.33333333333333333333,12.1666666666666675,1.3333333333333333,82.7751196172248800
15,D04,7.0000000000000000,1.00000000000000000000,14.6666666666666673,0.77777777777777783333,87.5000000000000000
15,D06,9.0000000000000000,2.0000000000000000,16.3333333333333333,2.0000000000000000,107.6923076923076933
15,D03,7.3333333333333333,0.33333333333333333333,13.8333333333333333,2.0833333333333333,85.6164383561643850
16,D06,6.3333333333333333,2.0000000000000000,16.3333333333333333,1.5000000000000000,106.8376068376068367
16,D02,3.0000000000000000,1.6666666666666667,12.9999999999999990,1.8333333333333333,117.2897196261682200
16,D04,1.6666666666666667,1.6666666666666667,14.6666666666666673,0.77777777777777783333,105.9523809523809533
16,D03,7.3333333333333333,1.00000000000000000000,13.8333333333333333,2.0833333333333333,97.0319634703196333
16,D09,5.3333333333333333,1.3333333333333333,18.8333333333333333,1.8333333333333333,104.8192771084337367
16,D07,2.6666666666666667,2.3333333333333333,17.1666666666666673,1.3333333333333333,116.7364016736401667
16,D01,4.0000000000000000,1.3333333333333333,12.1666666666666675,1.3333333333333333,103.8277511961722500
16,D10,4.3333333333333333,3.0000000000000000,19.6666666666666647,3.6666666666666667,121.6535433070866167
16,D05,3.6666666666666667,3.3333333333333333,15.4999999999999987,0.83333333333333333333,112.2270742358078667
16,D08,3.3333333333333333,2.3333333333333333,17.9999999999999987,1.11111111111111116667,110.9289617486338867
17,D06,17.3333333333333333,0.66666666666666666667,24.3333333333333333,4.1222222222222222,33.6959336959336943
17,D02,18.0000000000000000,1.3333333333333333,20.9999999999999993,4.3222222222222223,17.6486597514634875
17,D08,18.0000000000000000,1.3333333333333333,25.9999999999999980,3.1428571428571429,36.8687132792758133
17,D05,17.3333333333333333,0.33333333333333333333,23.4999999999999980,1.7952380952380952,26.0262214013315440
17,D07,17.3333333333333333,0.33333333333333333333,25.1666666666666667,2.0476190476190476,32.1424505921955727
17,D10,17.6666666666666667,1.00000000000000000000,27.6666666666666647,2.6481481481481481,41.0767160969867257
17,D01,17.6666666666666667,1.00000000000000000000,20.1666666666666670,3.9444444444444445,15.0877066126514026
17,D09,17.6666666666666667,1.00000000000000000000,26.8333333333333333,6.0000000000000000,45.0712067128471650
17,D03,17.6666666666666667,1.00000000000000000000,21.8333333333333333,9.5833333333333333,33.6263472168302728
17,D04,18.3333333333333333,1.3333333333333333,22.6666666666666667,1.7142857142857143,22.3639230943567237
18,D10,39.3333333333333333,4.3333333333333333,55.9999999999999967,2.6481481481481481,58.6264216972878283
18,D03,40.6666666666666667,2.0000000000000000,50.1666666666666667,9.5833333333333333,89.2031226984828357
18,D04,36.3333333333333333,2.0000000000000000,51.0000000000000007,1.7142857142857143,45.7636778115501517
18,D02,36.0000000000000000,1.6666666666666667,49.3333333333333327,4.3222222222222223,52.5314912637139390
18,D05,38.0000000000000000,3.6666666666666667,51.8333333333333327,1.7952380952380952,51.2158124569064573
18,D09,38.6666666666666667,1.00000000000000000000,55.1666666666666667,6.0000000000000000,49.6166484118291373
18,D06,38.6666666666666667,4.0000000000000000,52.6666666666666667,4.1222222222222222,72.5961538461538500
18,D08,39.3333333333333333,4.3333333333333333,54.3333333333333327,3.1428571428571429,52.6430244228839033
18,D07,36.0000000000000000,1.6666666666666667,53.5000000000000007,2.0476190476190476,49.2275743925659798
18,D01,39.0000000000000000,2.3333333333333333,48.5000000000000007,3.9444444444444445,47.8942110521057909
19,D10,40.3333333333333333,3.6666666666666667,59.6666666666666633,2.5092592592592593,58.7863906587648223
19,D07,40.0000000000000000,3.3333333333333333,57.1666666666666673,2.0476190476190476,56.3954613123488287
19,D02,39.6666666666666667,2.6666666666666667,52.9999999999999993,4.0444444444444445,57.5312414863248190
19,D09,42.6666666666666667,2.6666666666666667,58.8333333333333333,6.0000000000000000,65.2341988273951367
19,D05,40.0000000000000000,3.3333333333333333,55.4999999999999993,1.7952380952380952,53.6218711911469130
19,D03,43.3333333333333333,2.6666666666666667,53.8333333333333333,6.1666666666666667,64.1720197095168110
19,D06,42.3333333333333333,3.6666666666666667,56.3333333333333333,3.4185185185185184,53.0253696920363623
19,D08,40.0000000000000000,3.6666666666666667,57.9999999999999993,3.1428571428571429,57.3635705019122840
19,D01,42.0000000000000000,3.0000000000000000,52.1666666666666673,3.9444444444444445,56.4602485099505011
19,D04,39.3333333333333333,3.6666666666666667,54.6666666666666673,1.7142857142857143,54.5175906183368848
20,D06,31.6666666666666667,0.66666666666666666667,39.0000000000000000,3.4185185185185184,25.9544159544159542
20,D09,31.3333333333333333,0.66666666666666666667,41.5000000000000000,5.7777777777777777,34.1365461847389540
20,D01,29.6666666666666667,1.00000000000000000000,34.8333333333333360,3.6111111111111112,28.2296650717703397
20,D03,34.3333333333333333,0.66666666666666666667,36.5000000000000000,6.1666666666666667,18.9497716894977160
20,D05,29.0000000000000000,3.0000000000000000,38.1666666666666640,1.5095238095238095,36.8059887710542720
20,D02,29.3333333333333333,1.3333333333333333,35.6666666666666640,3.4222222222222223,33.5825545171339590
20,D07,28.6666666666666667,2.0000000000000000,39.8333333333333360,1.6984126984126984,36.3219764893405090
20,D04,27.0000000000000000,2.0000000000000000,37.3333333333333360,1.4365079365079366,35.2253401360544257
20,D08,29.3333333333333333,2.0000000000000000,40.6666666666666640,2.8928571428571429,49.8829039812646347
20,D10,30.0000000000000000,2.0000000000000000,42.3333333333333300,2.2830687830687831,41.6010498687663957
21,D04,28.3333333333333333,2.3333333333333333,37.3333333333333360,1.4365079365079366,34.7363945578231313
21,D01,27.6666666666666667,1.6666666666666667,34.8333333333333360,3.6111111111111112,38.4370015948963373
21,D06,27.3333333333333333,3.3333333333333333,39.0000000000000000,3.4185185185185184,56.7331433998100633
21,D10,26.3333333333333333,1.6666666666666667,42.3333333333333300,2.2830687830687831,45.6630421197350233
21,D02,26.6666666666666667,2.6666666666666667,35.6666666666666640,3.4222222222222223,52.3364485981308413
21,D08,28.3333333333333333,3.0000000000000000,40.6666666666666640,2.8928571428571429,51.5222482435597177
21,D07,28.0000000000000000,2.3333333333333333,39.8333333333333360,1.6984126984126984,39.3106196453476813
21,D05,28.3333333333333333,1.3333333333333333,38.1666666666666640,1.5095238095238095,31.7529631940112200
21,D03,27.0000000000000000,2.6666666666666667,36.5000000000000000,6.1666666666666667,67.5799086757990833
21,D09,27.3333333333333333,2.6666666666666667,41.5000000000000000,5.7777777777777777,72.6907630522088400
22,D08,17.3333333333333333,6.3333333333333333,40.6666666666666640,2.8928571428571429,108.4309133489461300
22,D02,16.6666666666666667,4.3333333333333333,35.6666666666666640,3.4222222222222223,97.8816199376947033
22,D06,20.0000000000000000,5.3333333333333333,39.0000000000000000,3.4185185185185184,89.1452991452991433
22,D10,16.0000000000000000,5.3333333333333333,42.3333333333333300,2.2830687830687831,92.4884389451318567
22,D07,14.3333333333333333,3.0000000000000000,39.8333333333333360,1.6984126984126984,75.7720661486351900
22,D05,15.6666666666666667,4.6666666666666667,38.1666666666666640,1.5095238095238095,77.8415470991890183
22,D03,20.6666666666666667,1.6666666666666667,36.5000000000000000,6.1666666666666667,75.1141552511415533
22,D09,19.6666666666666667,3.6666666666666667,41.5000000000000000,5.7777777777777777,108.2998661311914367
22,D01,19.0000000000000000,4.3333333333333333,34.8333333333333360,3.6111111111111112,93.9393939393939367
22,D04,17.0000000000000000,5.3333333333333333,37.3333333333333360,1.4365079365079366,75.9141156462585047
23,D04,29.3333333333333333,1.6666666666666667,37.3333333333333360,1.3809523809523810,26.9132653061224550
23,D01,31.3333333333333333,1.3333333333333333,34.8333333333333360,2.7333333333333333,20.0000000000000040
23,D08,31.6666666666666667,1.6666666666666667,40.6666666666666640,1.5178571428571429,28.4250585480093670
23,D03,33.3333333333333333,1.00000000000000000000,36.5000000000000000,6.1666666666666667,27.1689497716894990
23,D09,33.6666666666666667,1.3333333333333333,41.5000000000000000,3.7000000000000000,30.6827309236947783
23,D10,33.6666666666666667,1.3333333333333333,42.3333333333333300,1.6481481481481481,26.3342082239719923
23,D05,30.0000000000000000,2.0000000000000000,38.1666666666666640,1.4619047619047619,27.9351216469120343
23,D07,29.6666666666666667,1.00000000000000000000,39.8333333333333360,1.6031746031746031,28.1530185295875707
23,D02,33.3333333333333333,0.66666666666666666667,35.6666666666666640,2.1333333333333333,10.8411214953270986
23,D06,34.0000000000000000,1.00000000000000000000,39.0000000000000000,3.1222222222222222,22.5641025641025625
24,D01,19.0000000000000000,3.6666666666666667,34.8333333333333360,2.7333333333333333,75.5023923444976120
24,D04,14.0000000000000000,3.6666666666666667,37.3333333333333360,1.3809523809523810,77.4234693877551067
24,D03,22.6666666666666667,1.3333333333333333,36.5000000000000000,6.1666666666666667,57.0776255707762533
24,D10,17.6666666666666667,4.0000000000000000,42.3333333333333300,1.6481481481481481,77.0341207349081293
24,D02,19.0000000000000000,4.3333333333333333,35.6666666666666640,2.1333333333333333,75.5140186915887783
24,D09,21.0000000000000000,2.0000000000000000,41.5000000000000000,3.7000000000000000,66.9076305220883500
24,D06,19.6666666666666667,5.3333333333333333,39.0000000000000000,3.1222222222222222,103.0769230769230633
24,D05,18.0000000000000000,6.3333333333333333,38.1666666666666640,1.4619047619047619,78.9394884591391117
24,D08,18.0000000000000000,6.3333333333333333,40.6666666666666640,1.5178571428571429,80.9279859484777467
24,D07,15.6666666666666667,3.6666666666666667,39.8333333333333360,1.6031746031746031,77.0870691372783433
25,D02,18.0000000000000000,3.0000000000000000,32.3333333333333320,1.26666666666666666667,59.1528098070154155
25,D01,19.3333333333333333,1.6666666666666667,31.5000000000000013,2.4666666666666667,54.3097524164285064
25,D08,15.0000000000000000,3.0000000000000000,37.3333333333333307,1.14285714285714286667,72.5995316159250493
25,D07,16.0000000000000000,4.0000000000000000,36.5000000000000013,1.04761904761904760000,70.7112970711297107
25,D06,18.3333333333333333,3.3333333333333333,35.6666666666666667,1.6666666666666667,70.2623047450633667
25,D09,22.3333333333333333,2.6666666666666667,38.1666666666666667,3.7000000000000000,69.5977561037802007
25,D03,24.0000000000000000,1.6666666666666667,33.1666666666666667,6.1666666666666667,64.6032566554665267
25,D04,15.0000000000000000,2.6666666666666667,34.0000000000000013,1.00000000000000000000,66.6376306620209091
25,D05,17.0000000000000000,4.6666666666666667,34.8333333333333307,1.03333333333333333333,68.0742099687346603
25,D10,19.0000000000000000,4.0000000000000000,38.9999999999999967,1.14814814814814813333,64.8248865798991673
26,D09,32.6666666666666667,1.00000000000000000000,51.5000000000000000,2.1666666666666667,57.1179302405847943
26,D08,4.3333333333333333,4.3333333333333333,50.6666666666666660,0.66666666666666666667,100.0000000000000000
26,D02,29.3333333333333333,2.6666666666666667,45.6666666666666673,0.72222222222222223333,61.4133637904462790
26,D07,3.0000000000000000,2.6666666666666667,49.8333333333333327,0.66666666666666666667,98.8439306358381500
26,D10,31.0000000000000000,4.0000000000000000,52.3333333333333307,1.00000000000000000000,63.6170212765957383
26,D03,34.6666666666666667,1.00000000000000000000,46.5000000000000000,3.3055555555555557,52.0288009149749177
26,D06,31.0000000000000000,4.0000000000000000,49.0000000000000000,0.66666666666666666667,61.6071428571428567
26,D01,6.3333333333333333,2.3333333333333333,44.8333333333333327,2.3000000000000000,96.4004416635995600
26,D04,3.0000000000000000,3.0000000000000000,47.3333333333333327,0.66666666666666666667,100.0000000000000000
26,D05,5.3333333333333333,4.6666666666666667,48.1666666666666660,0.66666666666666666667,97.5460122699386467
27,D02,54.0000000000000000,2.3333333333333333,66.0000000000000013,0.66666666666666666667,36.2982074959261308
27,D04,4.0000000000000000,2.0000000000000000,67.6666666666666653,0.66666666666666666667,97.7611940298507467
27,D10,29.3333333333333333,2.0000000000000000,72.6666666666666633,1.00000000000000000000,66.9582343740948827
27,D05,53.6666666666666667,3.0000000000000000,68.5000000000000013,0.66666666666666666667,39.3236267531129893
27,D09,8.6666666666666667,2.0000000000000000,71.8333333333333333,2.1666666666666667,96.0812219549470333
27,D08,29.6666666666666667,2.6666666666666667,71.0000000000000013,0.66666666666666666667,70.8633093525179873
27,D06,56.0000000000000000,3.0000000000000000,69.3333333333333333,0.66666666666666666667,37.3015873015873015
27,D01,6.0000000000000000,1.6666666666666667,65.1666666666666653,2.2000000000000000,96.6251871171560067
27,D07,5.6666666666666667,3.0000000000000000,70.1666666666666653,0.66666666666666666667,97.0961887477314000
27,D03,58.0000000000000000,0.33333333333333333333,66.8333333333333333,3.3055555555555557,26.8551135931666941
28,D03,46.3333333333333333,2.6666666666666667,53.8333333333333333,5.9722222222222223,56.7254856435260457
28,D10,18.3333333333333333,3.0000000000000000,59.6666666666666633,1.00000000000000000000,70.2901978242119013
28,D06,43.6666666666666667,1.6666666666666667,56.3333333333333333,1.00000000000000000000,34.3101343101343082
28,D09,43.3333333333333333,1.6666666666666667,58.8333333333333333,3.3666666666666667,46.8505036187530883
28,D04,16.6666666666666667,3.3333333333333333,54.6666666666666673,1.00000000000000000000,70.5223880597014920
28,D05,16.6666666666666667,5.0000000000000000,55.4999999999999993,1.00000000000000000000,72.9580511586985150
28,D02,20.0000000000000000,2.6666666666666667,52.9999999999999993,1.00000000000000000000,59.7171386944316050
28,D07,39.0000000000000000,3.6666666666666667,57.1666666666666673,1.00000000000000000000,48.2568779472848917
28,D01,18.0000000000000000,2.6666666666666667,52.1666666666666673,2.2000000000000000,70.6688462562793400
28,D08,16.3333333333333333,3.6666666666666667,57.9999999999999993,1.00000000000000000000,72.9920981247788633
29,D02,21.6666666666666667,2.3333333333333333,35.6666666666666640,1.00000000000000000000,45.7943925233644810
29,D10,23.0000000000000000,3.6666666666666667,42.3333333333333300,1.00000000000000000000,54.3307086614173187
29,D06,23.3333333333333333,4.3333333333333333,39.0000000000000000,1.00000000000000000000,51.2820512820512823
29,D07,22.6666666666666667,2.3333333333333333,39.8333333333333360,1.00000000000000000000,48.9539748953974923
29,D01,25.6666666666666667,3.6666666666666667,34.8333333333333360,2.2000000000000000,49.4736842105263100
29,D03,24.6666666666666667,1.00000000000000000000,36.5000000000000000,5.8833333333333333,51.9634703196347033
29,D09,24.6666666666666667,1.3333333333333333,41.5000000000000000,3.3666666666666667,51.4859437751003997
29,D08,23.0000000000000000,3.3333333333333333,40.6666666666666640,1.00000000000000000000,51.6393442622950810
29,D04,22.6666666666666667,2.3333333333333333,37.3333333333333360,1.00000000000000000000,45.5357142857142907
29,D05,23.3333333333333333,3.0000000000000000,38.1666666666666640,1.00000000000000000000,46.7248908296943190
30,D08,20.3333333333333333,6.0000000000000000,40.6666666666666640,1.00000000000000000000,64.7540983606557367
30,D09,22.3333333333333333,1.3333333333333333,41.5000000000000000,3.3666666666666667,57.2690763052208813
30,D06,22.3333333333333333,4.6666666666666667,39.0000000000000000,1.00000000000000000000,54.7008547008547000
30,D01,19.6666666666666667,2.0000000000000000,34.8333333333333360,2.0857142857142857,55.1879699248120323
30,D04,15.3333333333333333,2.0000000000000000,37.3333333333333360,1.00000000000000000000,64.2857142857142900
30,D02,20.0000000000000000,2.6666666666666667,35.6666666666666640,1.00000000000000000000,51.4018691588785017
30,D03,25.3333333333333333,1.00000000000000000000,36.5000000000000000,5.8833333333333333,50.1369863013698607
30,D10,20.0000000000000000,5.3333333333333333,42.3333333333333300,1.00000000000000000000,65.3543307086614153
30,D05,20.3333333333333333,6.6666666666666667,38.1666666666666640,1.00000000000000000000,64.1921397379912667
30,D07,16.3333333333333333,2.3333333333333333,39.8333333333333360,1.00000000000000000000,64.8535564853556513
31,D02,24.3333333333333333,2.0000000000000000,35.6666666666666640,1.00000000000000000000,37.3831775700934537
31,D10,26.0000000000000000,3.6666666666666667,42.3333333333333300,1.00000000000000000000,47.2440944881889707
31,D06,25.3333333333333333,3.0000000000000000,39.0000000000000000,1.00000000000000000000,42.7350427350427350
31,D08,23.6666666666666667,3.6666666666666667,40.6666666666666640,1.00000000000000000000,50.8196721311475367
31,D01,24.3333333333333333,3.0000000000000000,34.8333333333333360,2.0857142857142857,47.4504442925495543
31,D03,28.3333333333333333,1.00000000000000000000,36.5000000000000000,5.8833333333333333,38.4931506849315080
31,D05,21.3333333333333333,4.0000000000000000,38.1666666666666640,1.00000000000000000000,54.5851528384279453
31,D09,26.6666666666666667,1.6666666666666667,41.5000000000000000,3.3666666666666667,49.5582329317269023
31,D04,20.6666666666666667,3.6666666666666667,37.3333333333333360,1.00000000000000000000,54.4642857142857167
31,D07,21.3333333333333333,3.3333333333333333,39.8333333333333360,1.00000000000000000000,54.8117154811715513
32,D01,23.6666666666666667,2.3333333333333333,34.8333333333333360,2.0857142857142857,45.8099794941900230
32,D05,22.6666666666666667,5.0000000000000000,38.1666666666666640,1.00000000000000000000,53.7117903930130987
32,D04,19.6666666666666667,2.6666666666666667,37.3333333333333360,1.00000000000000000000,54.4642857142857200
32,D08,24.0000000000000000,4.3333333333333333,40.6666666666666640,1.00000000000000000000,51.6393442622950800
32,D09,26.0000000000000000,2.0000000000000000,41.5000000000000000,3.3666666666666667,53.5742971887550180
32,D10,23.6666666666666667,4.0000000000000000,42.3333333333333300,1.00000000000000000000,53.5433070866141667
32,D06,25.6666666666666667,3.3333333333333333,39.0000000000000000,1.00000000000000000000,42.7350427350427350
32,D02,24.6666666666666667,2.6666666666666667,35.6666666666666640,1.00000000000000000000,38.3177570093457900
32,D03,28.3333333333333333,1.3333333333333333,36.5000000000000000,5.8833333333333333,45.7990867579908653
32,D07,21.3333333333333333,3.3333333333333333,39.8333333333333360,1.00000000000000000000,54.8117154811715513
33,D06,24.0000000000000000,3.0000000000000000,39.0000000000000000,1.00000000000000000000,46.1538461538461542
33,D10,23.6666666666666667,4.3333333333333333,42.3333333333333300,1.00000000000000000000,54.3307086614173173
33,D02,22.3333333333333333,3.0000000000000000,35.6666666666666640,1.00000000000000000000,45.7943925233644823
33,D07,22.0000000000000000,3.3333333333333333,39.8333333333333360,1.00000000000000000000,53.1380753138075340
33,D04,20.6666666666666667,3.3333333333333333,37.3333333333333360,1.00000000000000000000,53.5714285714285743
33,D05,21.3333333333333333,3.3333333333333333,38.1666666666666640,1.00000000000000000000,52.8384279475982510
33,D09,25.3333333333333333,1.3333333333333333,41.5000000000000000,3.3666666666666667,49.0763052208835373
33,D01,25.3333333333333333,4.0000000000000000,34.8333333333333360,2.0857142857142857,52.2077922077922132
33,D08,22.6666666666666667,3.6666666666666667,40.6666666666666640,1.00000000000000000000,53.2786885245901627
33,D03,29.6666666666666667,2.3333333333333333,36.5000000000000000,5.8833333333333333,55.6164383561643800
34,D07,21.3333333333333333,3.6666666666666667,39.8333333333333360,1.00000000000000000000,55.6485355648535567
34,D02,24.0000000000000000,3.0000000000000000,35.6666666666666640,1.00000000000000000000,41.1214953271028017
34,D03,29.3333333333333333,2.3333333333333333,36.5000000000000000,5.2500000000000000,46.8036529680365273
34,D05,21.6666666666666667,5.3333333333333333,38.1666666666666640,1.00000000000000000000,57.2052401746724877
34,D04,19.0000000000000000,3.6666666666666667,37.3333333333333360,1.00000000000000000000,58.9285714285714323
34,D01,22.6666666666666667,2.6666666666666667,34.8333333333333360,1.9079365079365080,49.0726817042606580
34,D06,25.6666666666666667,3.3333333333333333,39.0000000000000000,1.00000000000000000000,42.7350427350427383
34,D08,23.0000000000000000,5.0000000000000000,40.6666666666666640,1.00000000000000000000,55.7377049180327867
34,D09,26.0000000000000000,2.3333333333333333,41.5000000000000000,3.3666666666666667,55.1004016064257033
34,D10,23.3333333333333333,4.3333333333333333,42.3333333333333300,1.00000000000000000000,55.1181102362204667
35,D01,16.3333333333333333,3.0000000000000000,34.8333333333333360,1.9079365079365080,68.3390293916609753
35,D02,14.3333333333333333,3.0000000000000000,35.6666666666666640,1.00000000000000000000,68.2242990654205587
35,D09,18.0000000000000000,0.66666666666666666667,41.5000000000000000,3.3666666666666667,61.8473895582329290
35,D04,9.6666666666666667,2.6666666666666667,37.3333333333333360,1.00000000000000000000,81.2500000000000033
35,D05,16.3333333333333333,8.0000000000000000,38.1666666666666640,1.00000000000000000000,78.1659388646288200
35,D10,16.3333333333333333,6.0000000000000000,42.3333333333333300,1.00000000000000000000,75.5905511811023593
35,D08,15.3333333333333333,6.3333333333333333,40.6666666666666640,1.00000000000000000000,77.8688524590163933
35,D07,12.6666666666666667,4.0000000000000000,39.8333333333333360,1.00000000000000000000,78.2426778242677833
35,D03,21.6666666666666667,1.00000000000000000000,36.5000000000000000,5.2500000000000000,59.1324200913242057
35,D06,17.0000000000000000,5.6666666666666667,39.0000000000000000,1.00000000000000000000,70.9401709401709400
36,D10,15.6666666666666667,3.6666666666666667,42.3333333333333300,1.00000000000000000000,71.6535433070866107
36,D06,17.0000000000000000,5.0000000000000000,39.0000000000000000,1.00000000000000000000,69.2307692307692308
36,D08,16.6666666666666667,4.6666666666666667,40.6666666666666640,1.00000000000000000000,70.4918032786885227
36,D01,19.3333333333333333,3.3333333333333333,34.8333333333333360,1.9079365079365080,62.4880382775119697
36,D09,21.0000000000000000,2.3333333333333333,41.5000000000000000,3.3666666666666667,68.1927710843373573
36,D02,16.0000000000000000,4.0000000000000000,35.6666666666666640,1.00000000000000000000,66.3551401869158856
36,D04,16.0000000000000000,4.0000000000000000,37.3333333333333360,1.00000000000000000000,67.8571428571428591
36,D03,22.0000000000000000,0.66666666666666666667,36.5000000000000000,5.2500000000000000,50.2283105022831033
36,D05,17.0000000000000000,5.0000000000000000,38.1666666666666640,1.00000000000000000000,68.5589519650655003
36,D07,15.3333333333333333,3.3333333333333333,39.8333333333333360,1.00000000000000000000,69.8744769874477007
37,D05,8.3333333333333333,6.0000000000000000,32.4999999999999973,1.00000000000000000000,88.9763779527559000
37,D03,15.0000000000000000,3.3333333333333333,30.8333333333333333,5.2500000000000000,102.4528743706825833
37,D01,9.6666666666666667,3.0000000000000000,29.1666666666666680,1.9079365079365080,83.3314807835221000
37,D09,12.0000000000000000,3.0000000000000000,35.8333333333333333,3.3333333333333333,99.0492582575198733
37,D08,7.3333333333333333,5.0000000000000000,34.9999999999999973,1.00000000000000000000,90.1408450704225333
37,D07,8.3333333333333333,5.6666666666666667,34.1666666666666680,1.00000000000000000000,88.3211678832116767
37,D10,7.3333333333333333,5.3333333333333333,36.6666666666666640,1.00000000000000000000,92.1052631578947400
37,D02,5.3333333333333333,3.3333333333333333,29.9999999999999987,1.00000000000000000000,89.2857142857142867
37,D06,7.3333333333333333,5.3333333333333333,33.3333333333333333,1.00000000000000000000,90.9090909090909100
37,D04,7.3333333333333333,4.6666666666666667,31.6666666666666680,1.00000000000000000000,86.8852459016393433
38,D01,8.0000000000000000,3.0000000000000000,29.1666666666666680,1.8412698412698413,91.8479290835414767
38,D07,6.6666666666666667,6.6666666666666667,34.1666666666666680,1.00000000000000000000,100.0000000000000000
38,D08,4.6666666666666667,4.6666666666666667,34.9999999999999973,1.00000000000000000000,100.0000000000000000
38,D05,6.3333333333333333,6.3333333333333333,32.4999999999999973,1.00000000000000000000,100.0000000000000000
38,D02,3.3333333333333333,3.3333333333333333,29.9999999999999987,1.00000000000000000000,100.0000000000000000
38,D06,5.6666666666666667,5.3333333333333333,33.3333333333333333,1.00000000000000000000,99.1452991452991433
38,D10,6.3333333333333333,6.3333333333333333,36.6666666666666640,1.00000000000000000000,100.0000000000000000
38,D04,5.3333333333333333,5.3333333333333333,31.6666666666666680,1.00000000000000000000,100.0000000000000000
38,D03,15.6666666666666667,3.0000000000000000,30.8333333333333333,4.5666666666666667,96.4781641493970300
38,D09,10.3333333333333333,2.0000000000000000,35.8333333333333333,2.9666666666666667,88.3780018031308867
39,D07,16.3333333333333333,4.0000000000000000,39.8333333333333360,1.00000000000000000000,69.0376569037656933
39,D01,19.3333333333333333,2.6666666666666667,34.8333333333333360,1.7936507936507937,57.9858737753474690
39,D09,22.6666666666666667,1.6666666666666667,41.5000000000000000,2.9666666666666667,58.2329317269076283
39,D06,22.6666666666666667,4.6666666666666667,39.0000000000000000,1.00000000000000000000,53.8461538461538450
39,D08,19.3333333333333333,5.6666666666666667,40.6666666666666640,1.00000000000000000000,66.3934426229508167
39,D03,26.3333333333333333,1.3333333333333333,36.5000000000000000,3.4833333333333333,42.9223744292237433
39,D10,21.0000000000000000,5.3333333333333333,42.3333333333333300,1.00000000000000000000,62.9921259842519633
39,D02,19.0000000000000000,2.3333333333333333,35.6666666666666640,1.00000000000000000000,53.2710280373831743
39,D04,13.6666666666666667,3.0000000000000000,37.3333333333333360,1.00000000000000000000,71.4285714285714333
39,D05,18.3333333333333333,7.3333333333333333,38.1666666666666640,1.00000000000000000000,71.1790393013100400
40,D03,22.6666666666666667,2.0000000000000000,27.5000000000000000,2.7500000000000000,42.3335736601778413
40,D05,18.0000000000000000,4.0000000000000000,29.1666666666666647,0.66666666666666666667,59.0953529296747753
40,D07,19.3333333333333333,3.3333333333333333,30.8333333333333347,0.66666666666666666667,54.5508884421018380
40,D09,20.6666666666666667,1.3333333333333333,32.5000000000000000,2.1666666666666667,50.1731062179753513
40,D01,17.3333333333333333,0.66666666666666666667,25.8333333333333350,1.17460317460317463333,43.5338830635583150
40,D06,17.0000000000000000,1.6666666666666667,30.0000000000000000,0.66666666666666666667,60.6837606837606817
40,D02,17.0000000000000000,1.6666666666666667,26.6666666666666647,0.66666666666666666667,57.0093457943925210
40,D04,14.6666666666666667,2.0000000000000000,28.3333333333333347,0.66666666666666666667,66.0714285714285733
40,D10,17.6666666666666667,2.3333333333333333,33.3333333333333307,1.00000000000000000000,63.7795275590551113
40,D08,16.3333333333333333,1.3333333333333333,31.6666666666666647,0.66666666666666666667,63.1147540983606533
41,D04,24.0000000000000000,2.6666666666666667,45.3333333333333360,1.00000000000000000000,42.8571428571428615
41,D03,26.3333333333333333,1.6666666666666667,44.5000000000000000,3.4833333333333333,41.8679950186799477
41,D06,25.0000000000000000,3.3333333333333333,47.0000000000000000,1.00000000000000000000,44.4444444444444442
41,D02,24.3333333333333333,2.6666666666666667,43.6666666666666640,1.00000000000000000000,39.2523364485981263
41,D10,24.6666666666666667,3.0000000000000000,50.3333333333333300,1.00000000000000000000,48.8188976377952700
41,D07,33.6666666666666667,2.6666666666666667,47.8333333333333360,1.00000000000000000000,31.2999115111922020
41,D09,25.6666666666666667,2.3333333333333333,49.5000000000000000,2.9666666666666667,53.8097427879456740
41,D05,25.3333333333333333,4.0000000000000000,46.1666666666666640,1.00000000000000000000,44.1048034934497783
41,D01,23.6666666666666667,2.0000000000000000,42.8333333333333360,1.7936507936507937,42.4932405698769231
41,D08,23.6666666666666667,2.6666666666666667,48.6666666666666660,1.00000000000000000000,48.3606557377049160
42,D03,25.3333333333333333,1.00000000000000000000,36.5000000000000000,3.4833333333333333,43.6073059360730613
42,D06,24.6666666666666667,5.0000000000000000,39.0000000000000000,1.00000000000000000000,49.5726495726495723
42,D10,24.6666666666666667,5.0000000000000000,42.3333333333333300,1.00000000000000000000,53.5433070866141693
42,D09,24.3333333333333333,1.6666666666666667,41.5000000000000000,2.9666666666666667,54.6184738955823267
42,D05,25.0000000000000000,6.0000000000000000,38.1666666666666640,1.00000000000000000000,50.2183406113537097
42,D04,19.3333333333333333,1.6666666666666667,37.3333333333333360,1.00000000000000000000,52.6785714285714340
42,D02,21.6666666666666667,2.0000000000000000,35.6666666666666640,1.00000000000000000000,44.8598130841121447
42,D08,21.6666666666666667,2.3333333333333333,40.6666666666666640,1.00000000000000000000,52.4590163934426183
42,D01,22.6666666666666667,1.3333333333333333,34.8333333333333360,1.7936507936507937,42.0369104579630997
42,D07,24.0000000000000000,5.0000000000000000,39.8333333333333360,1.00000000000000000000,52.3012552301255257
43,D08,17.3333333333333333,5.3333333333333333,40.6666666666666640,1.00000000000000000000,70.4918032786885233
43,D06,20.3333333333333333,4.3333333333333333,39.0000000000000000,1.00000000000000000000,58.9743589743589733
43,D03,24.3333333333333333,2.6666666666666667,36.5000000000000000,3.4833333333333333,63.4246575342465767
43,D04,15.0000000000000000,4.0000000000000000,37.3333333333333360,1.00000000000000000000,70.5357142857142867
43,D05,18.3333333333333333,7.0000000000000000,38.1666666666666640,1.00000000000000000000,70.3056768558951953
43,D10,18.0000000000000000,6.0000000000000000,42.3333333333333300,1.00000000000000000000,71.6535433070866067
43,D07,16.3333333333333333,5.0000000000000000,39.8333333333333360,1.00000000000000000000,71.5481171548117133
43,D02,16.6666666666666667,3.6666666666666667,35.6666666666666640,1.00000000000000000000,63.5514018691588753
43,D01,19.3333333333333333,3.6666666666666667,34.8333333333333360,1.7936507936507937,63.3173843700159550
43,D09,21.3333333333333333,2.6666666666666667,41.5000000000000000,2.9666666666666667,68.9156626506024087
44,D07,15.0000000000000000,4.3333333333333333,39.8333333333333360,1.00000000000000000000,73.2217573221757367
44,D05,14.6666666666666667,4.6666666666666667,38.1666666666666640,1.00000000000000000000,73.7991266375545823
44,D04,15.3333333333333333,5.6666666666666667,37.3333333333333360,1.00000000000000000000,74.1071428571428580
44,D09,21.3333333333333333,4.0000000000000000,41.5000000000000000,2.9666666666666667,77.1887550200803267
44,D10,18.6666666666666667,5.6666666666666667,42.3333333333333300,1.00000000000000000000,69.2913385826771613
44,D03,22.6666666666666667,2.6666666666666667,36.5000000000000000,3.4833333333333333,66.8949771689497753
44,D01,20.0000000000000000,5.6666666666666667,34.8333333333333360,1.7936507936507937,71.5197083618136283
44,D08,17.6666666666666667,5.6666666666666667,40.6666666666666640,1.00000000000000000000,70.4918032786885217
44,D06,19.6666666666666667,5.0000000000000000,39.0000000000000000,1.00000000000000000000,62.3931623931623933
44,D02,16.0000000000000000,4.0000000000000000,35.6666666666666640,1.00000000000000000000,66.3551401869158877
45,D06,15.3333333333333333,4.3333333333333333,33.3333333333333333,1.00000000000000000000,71.7948717948717950
45,D09,15.0000000000000000,1.00000000000000000000,35.8333333333333333,2.9666666666666667,69.1008933693959487
45,D02,13.6666666666666667,3.0000000000000000,29.9999999999999987,1.00000000000000000000,70.0934579439252317
45,D08,15.6666666666666667,4.6666666666666667,34.9999999999999973,1.00000000000000000000,72.9508196721311467
45,D04,15.3333333333333333,4.6666666666666667,31.6666666666666680,1.00000000000000000000,71.4285714285714300
45,D05,13.6666666666666667,3.0000000000000000,32.4999999999999973,1.00000000000000000000,72.0524017467248900
45,D03,18.0000000000000000,2.3333333333333333,30.8333333333333333,3.4833333333333333,73.1940053857862033
45,D01,16.3333333333333333,2.6666666666666667,29.1666666666666680,1.7936507936507937,67.5360874573860310
45,D10,15.6666666666666667,5.0000000000000000,36.6666666666666640,1.00000000000000000000,74.8031496062992100
45,D07,15.0000000000000000,3.6666666666666667,34.1666666666666680,1.00000000000000000000,71.5481171548117167
46,D06,3.3333333333333333,2.6666666666666667,27.6666666666666667,0.66666666666666666667,98.2905982905982867
46,D03,11.6666666666666667,3.3333333333333333,25.1666666666666667,1.9666666666666667,96.9863013698630133
46,D02,4.3333333333333333,3.3333333333333333,24.3333333333333315,0.66666666666666666667,97.1962616822429900
46,D01,8.3333333333333333,3.3333333333333333,23.5000000000000018,1.17460317460317463333,92.5723399407609967
46,D05,7.3333333333333333,5.0000000000000000,26.8333333333333313,0.66666666666666666667,93.8864628820960667
46,D10,5.6666666666666667,4.3333333333333333,30.9999999999999973,1.00000000000000000000,96.8503937007874000
46,D09,9.0000000000000000,2.6666666666666667,30.1666666666666667,2.1666666666666667,98.7951807228915667
46,D07,6.0000000000000000,4.0000000000000000,28.5000000000000017,0.66666666666666666667,94.9790794979079500
46,D08,4.6666666666666667,3.0000000000000000,29.3333333333333313,0.66666666666666666667,95.9016393442622933
46,D04,5.6666666666666667,3.0000000000000000,26.0000000000000017,0.66666666666666666667,92.8571428571428567
47,D04,3.0000000000000000,3.0000000000000000,26.0000000000000017,0.66666666666666666667,100.0000000000000000
47,D06,5.3333333333333333,5.3333333333333333,27.6666666666666667,0.66666666666666666667,100.0000000000000000
47,D10,6.0000000000000000,6.0000000000000000,30.9999999999999973,1.00000000000000000000,100.0000000000000000
47,D02,2.0000000000000000,2.0000000000000000,24.3333333333333315,0.66666666666666666667,100.0000000000000000
47,D05,5.3333333333333333,5.0000000000000000,26.8333333333333313,0.66666666666666666667,99.1266375545851533
47,D03,10.3333333333333333,1.00000000000000000000,25.1666666666666667,1.6095238095238095,78.3170254403131100
47,D08,5.6666666666666667,5.6666666666666667,29.3333333333333313,0.66666666666666666667,100.0000000000000000
47,D07,3.3333333333333333,3.3333333333333333,28.5000000000000017,0.66666666666666666667,100.0000000000000000
47,D09,7.6666666666666667,1.00000000000000000000,30.1666666666666667,2.1000000000000000,89.3975903614457767
47,D01,7.3333333333333333,3.3333333333333333,23.5000000000000018,1.17460317460317463333,95.6254272043745767
48,D04,9.6666666666666667,2.3333333333333333,31.6666666666666680,1.00000000000000000000,80.3571428571428600
48,D06,16.3333333333333333,5.3333333333333333,33.3333333333333333,1.00000000000000000000,71.7948717948717950
48,D05,13.6666666666666667,6.3333333333333333,32.4999999999999973,1.00000000000000000000,80.7860262008733600
48,D02,14.0000000000000000,3.3333333333333333,29.9999999999999987,1.00000000000000000000,70.0934579439252317
48,D07,10.6666666666666667,3.0000000000000000,34.1666666666666680,1.00000000000000000000,80.7531380753138100
48,D08,14.0000000000000000,5.6666666666666667,34.9999999999999973,1.00000000000000000000,79.5081967213114767
48,D10,13.0000000000000000,4.3333333333333333,36.6666666666666640,1.00000000000000000000,79.5275590551181087
48,D09,16.3333333333333333,1.3333333333333333,35.8333333333333333,2.9000000000000000,67.9763953774280747
48,D03,18.6666666666666667,1.00000000000000000000,30.8333333333333333,2.3428571428571428,49.9128573101175840
48,D01,14.3333333333333333,2.6666666666666667,29.1666666666666680,1.7579365079365080,70.3671881487916993
49,D10,21.3333333333333333,3.3333333333333333,42.3333333333333300,1.00000000000000000000,57.4803149606299173
49,D04,17.3333333333333333,4.3333333333333333,37.3333333333333360,1.00000000000000000000,65.1785714285714300
49,D05,18.6666666666666667,4.0000000000000000,38.1666666666666640,1.00000000000000000000,61.5720524017467240
49,D06,24.0000000000000000,3.6666666666666667,39.0000000000000000,1.00000000000000000000,47.8632478632478630
49,D01,23.3333333333333333,4.6666666666666667,34.8333333333333360,1.7579365079365080,56.9605832763727523
49,D07,18.6666666666666667,3.0000000000000000,39.8333333333333360,1.00000000000000000000,60.6694560669456080
49,D03,27.0000000000000000,1.3333333333333333,36.5000000000000000,2.3428571428571428,34.6640574037834353
49,D09,25.0000000000000000,2.3333333333333333,41.5000000000000000,2.9000000000000000,56.8674698795180690
49,D08,22.0000000000000000,4.6666666666666667,40.6666666666666640,1.00000000000000000000,57.3770491803278667
49,D02,23.3333333333333333,2.6666666666666667,35.6666666666666640,1.00000000000000000000,42.0560747663551353
50,D05,23.6666666666666667,4.6666666666666667,38.1666666666666640,1.00000000000000000000,50.2183406113537087
50,D03,28.0000000000000000,3.3333333333333333,36.5000000000000000,2.3428571428571428,44.9445531637312447
50,D07,22.3333333333333333,3.0000000000000000,39.8333333333333360,1.00000000000000000000,51.4644351464435180
50,D04,21.0000000000000000,2.3333333333333333,37.3333333333333360,1.00000000000000000000,50.0000000000000033
50,D02,22.0000000000000000,2.6666666666666667,35.6666666666666640,1.00000000000000000000,45.7943925233644827
50,D01,24.0000000000000000,3.6666666666666667,34.8333333333333360,1.7222222222222222,49.2822966507177057
50,D10,25.0000000000000000,5.3333333333333333,42.3333333333333300,1.00000000000000000000,53.5433070866141680
50,D09,24.3333333333333333,1.6666666666666667,41.5000000000000000,2.9000000000000000,52.5301204819277100
50,D06,23.3333333333333333,4.0000000000000000,39.0000000000000000,1.00000000000000000000,50.4273504273504267
50,D08,24.0000000000000000,4.6666666666666667,40.6666666666666640,1.00000000000000000000,52.4590163934426213
51,D07,29.3333333333333333,1.6666666666666667,39.8333333333333360,1.00000000000000000000,30.5439330543933110
51,D05,28.3333333333333333,3.0000000000000000,38.1666666666666640,1.00000000000000000000,33.6244541484716123
51,D03,34.0000000000000000,1.00000000000000000000,36.5000000000000000,2.3428571428571428,12.8767123287671233
51,D06,34.6666666666666667,1.00000000000000000000,39.0000000000000000,1.00000000000000000000,13.6752136752136750
51,D01,31.0000000000000000,1.3333333333333333,34.8333333333333360,1.7222222222222222,17.6236044657097337
51,D09,32.6666666666666667,0.66666666666666666667,41.5000000000000000,2.9000000000000000,25.1405622489959847
51,D08,31.6666666666666667,2.0000000000000000,40.6666666666666640,1.00000000000000000000,27.0491803278688493
51,D10,32.0000000000000000,1.3333333333333333,42.3333333333333300,1.00000000000000000000,27.5590551181102280
51,D04,27.0000000000000000,2.6666666666666667,37.3333333333333360,1.00000000000000000000,34.8214285714285780
51,D02,32.0000000000000000,1.3333333333333333,35.6666666666666640,1.00000000000000000000,14.0186915887850413
52,D08,29.6666666666666667,2.0000000000000000,40.6666666666666640,1.00000000000000000000,31.9672131147540967
52,D03,31.6666666666666667,2.0000000000000000,36.5000000000000000,2.3428571428571428,25.8708414872798470
52,D05,28.0000000000000000,3.0000000000000000,38.1666666666666640,1.00000000000000000000,34.4978165938864583
52,D09,31.6666666666666667,2.6666666666666667,41.5000000000000000,2.9000000000000000,41.2048192771084267
52,D02,32.6666666666666667,3.0000000000000000,35.6666666666666640,1.00000000000000000000,16.8224299065420503
52,D01,30.0000000000000000,2.0000000000000000,34.8333333333333360,1.7222222222222222,23.8437001594896357
52,D06,32.3333333333333333,2.3333333333333333,39.0000000000000000,1.00000000000000000000,23.0769230769230800
52,D10,30.6666666666666667,1.6666666666666667,42.3333333333333300,1.00000000000000000000,31.4960629921259773
52,D07,31.0000000000000000,3.3333333333333333,39.8333333333333360,1.00000000000000000000,30.5439330543933087
52,D04,26.6666666666666667,2.3333333333333333,37.3333333333333360,1.00000000000000000000,34.8214285714285757
53,D09,33.6666666666666667,2.0000000000000000,41.5000000000000000,2.9000000000000000,34.8594377510040163
53,D01,30.6666666666666667,2.3333333333333333,34.8333333333333360,1.7222222222222222,23.6842105263157931
53,D03,33.0000000000000000,2.0000000000000000,36.5000000000000000,2.3428571428571428,22.5570776255707808
53,D02,33.0000000000000000,1.6666666666666667,35.6666666666666640,1.00000000000000000000,12.1495327102803685
53,D05,29.3333333333333333,3.3333333333333333,38.1666666666666640,1.00000000000000000000,31.8777292576419170
53,D06,33.3333333333333333,1.6666666666666667,39.0000000000000000,1.00000000000000000000,18.8034188034188033
53,D08,31.6666666666666667,2.0000000000000000,40.6666666666666640,1.00000000000000000000,27.0491803278688477
53,D10,32.3333333333333333,1.6666666666666667,42.3333333333333300,1.00000000000000000000,27.5590551181102280
53,D04,28.6666666666666667,3.0000000000000000,37.3333333333333360,1.00000000000000000000,31.2500000000000045
53,D07,29.3333333333333333,2.6666666666666667,39.8333333333333360,1.00000000000000000000,33.0543933054393307
54,D08,26.3333333333333333,3.6666666666666667,40.6666666666666640,1.00000000000000000000,44.2622950819672090
54,D04,22.0000000000000000,2.6666666666666667,37.3333333333333360,1.00000000000000000000,48.2142857142857200
54,D07,24.3333333333333333,2.0000000000000000,39.8333333333333360,1.00000000000000000000,43.9330543933054447
54,D02,27.3333333333333333,2.3333333333333333,35.6666666666666640,1.00000000000000000000,29.9065420560747587
54,D03,29.0000000000000000,1.6666666666666667,36.5000000000000000,2.3428571428571428,31.1676451402478793
54,D10,26.0000000000000000,3.0000000000000000,42.3333333333333300,1.00000000000000000000,45.6692913385826680
54,D06,28.6666666666666667,2.6666666666666667,39.0000000000000000,1.00000000000000000000,33.3333333333333308
54,D05,25.0000000000000000,4.3333333333333333,38.1666666666666640,1.00000000000000000000,45.8515283842794730
54,D01,26.6666666666666667,2.0000000000000000,34.8333333333333360,1.7222222222222222,33.3333333333333377
54,D09,27.0000000000000000,1.3333333333333333,41.5000000000000000,2.9000000000000000,45.0602409638554247
55,D04,15.0000000000000000,4.0000000000000000,37.3333333333333360,1.00000000000000000000,70.5357142857142867
55,D08,17.6666666666666667,5.3333333333333333,40.6666666666666640,1.00000000000000000000,69.6721311475409847
55,D02,17.6666666666666667,2.6666666666666667,35.6666666666666640,1.00000000000000000000,57.9439252336448553
55,D01,18.6666666666666667,3.0000000000000000,34.8333333333333360,1.7222222222222222,61.2440191387559833
55,D06,19.6666666666666667,4.3333333333333333,39.0000000000000000,1.00000000000000000000,60.6837606837606833
55,D10,21.0000000000000000,7.0000000000000000,42.3333333333333300,1.00000000000000000000,66.9291338582677147
55,D05,19.0000000000000000,7.6666666666666667,38.1666666666666640,1.00000000000000000000,70.3056768558951920
55,D09,21.3333333333333333,1.6666666666666667,41.5000000000000000,2.9000000000000000,61.5261044176706833
55,D03,26.6666666666666667,3.6666666666666667,36.5000000000000000,2.3428571428571428,50.3979125896934113
55,D07,17.3333333333333333,5.3333333333333333,39.8333333333333360,1.00000000000000000000,69.8744769874477000
56,D03,30.0000000000000000,1.6666666666666667,36.5000000000000000,2.3428571428571428,28.4801043705153277
56,D05,25.6666666666666667,3.0000000000000000,38.1666666666666640,1.00000000000000000000,40.6113537117903907
56,D10,28.3333333333333333,3.3333333333333333,42.3333333333333300,1.00000000000000000000,40.9448818897637707
56,D08,28.0000000000000000,3.3333333333333333,40.6666666666666640,1.00000000000000000000,39.3442622950819627
56,D02,27.6666666666666667,2.3333333333333333,35.6666666666666640,1.00000000000000000000,28.9719626168224253
56,D07,27.3333333333333333,2.6666666666666667,39.8333333333333360,1.00000000000000000000,38.0753138075313853
56,D04,24.6666666666666667,2.3333333333333333,37.3333333333333360,1.00000000000000000000,40.1785714285714333
56,D06,30.6666666666666667,2.6666666666666667,39.0000000000000000,1.00000000000000000000,28.2051282051282050
56,D09,29.0000000000000000,1.6666666666666667,41.5000000000000000,2.9000000000000000,40.7228915662650560
56,D01,28.3333333333333333,2.3333333333333333,34.8333333333333360,1.7222222222222222,30.0637958532695431
57,D02,19.3333333333333333,2.6666666666666667,35.6666666666666640,1.00000000000000000000,53.2710280373831736
57,D07,20.3333333333333333,4.0000000000000000,39.8333333333333360,1.00000000000000000000,58.9958158995815940
57,D03,25.6666666666666667,1.6666666666666667,36.5000000000000000,2.3428571428571428,40.0913242009132453
57,D08,20.6666666666666667,4.3333333333333333,40.6666666666666640,1.00000000000000000000,59.8360655737704893
57,D06,20.3333333333333333,3.6666666666666667,39.0000000000000000,1.00000000000000000000,57.2649572649572642
57,D09,22.6666666666666667,1.00000000000000000000,41.5000000000000000,2.9000000000000000,52.9317269076305173
57,D01,22.0000000000000000,3.0000000000000000,34.8333333333333360,1.7222222222222222,51.9138755980861264
57,D10,21.3333333333333333,4.6666666666666667,42.3333333333333300,1.00000000000000000000,60.6299212598425107
57,D05,21.3333333333333333,5.3333333333333333,38.1666666666666640,1.00000000000000000000,58.0786026200873303
57,D04,17.6666666666666667,2.3333333333333333,37.3333333333333360,1.00000000000000000000,58.9285714285714325
58,D09,26.3333333333333333,2.0000000000000000,41.5000000000000000,2.9000000000000000,51.9678714859437743
58,D02,22.0000000000000000,1.6666666666666667,35.6666666666666640,1.00000000000000000000,42.9906542056074720
58,D06,26.6666666666666667,2.6666666666666667,39.0000000000000000,1.00000000000000000000,38.4615384615384592
58,D04,19.0000000000000000,3.3333333333333333,37.3333333333333360,1.00000000000000000000,58.0357142857142900
58,D08,21.0000000000000000,4.0000000000000000,40.6666666666666640,1.00000000000000000000,58.1967213114754080
58,D01,23.6666666666666667,3.6666666666666667,34.8333333333333360,1.7222222222222222,50.3987240829346123
58,D10,23.6666666666666667,3.6666666666666667,42.3333333333333300,1.00000000000000000000,52.7559055118110187
58,D07,21.0000000000000000,4.3333333333333333,39.8333333333333360,1.00000000000000000000,58.1589958158995833
58,D05,21.0000000000000000,4.6666666666666667,38.1666666666666640,1.00000000000000000000,57.2052401746724883
58,D03,29.3333333333333333,2.0000000000000000,36.5000000000000000,2.3428571428571428,32.6288323548597550
59,D01,29.0000000000000000,1.6666666666666667,34.8333333333333360,1.7222222222222222,24.9601275917065413
59,D03,33.3333333333333333,1.00000000000000000000,36.5000000000000000,2.3428571428571428,15.0945857795172830
59,D10,29.3333333333333333,2.3333333333333333,42.3333333333333300,1.00000000000000000000,36.2204724409448733
59,D08,28.3333333333333333,2.6666666666666667,40.6666666666666640,1.00000000000000000000,36.8852459016393413
59,D05,28.0000000000000000,3.3333333333333333,38.1666666666666640,1.00000000000000000000,35.3711790393013050
59,D09,31.0000000000000000,1.3333333333333333,41.5000000000000000,2.9000000000000000,35.1004016064257033
59,D02,30.6666666666666667,2.0000000000000000,35.6666666666666640,1.00000000000000000000,19.6261682242990593
59,D04,26.6666666666666667,2.0000000000000000,37.3333333333333360,1.00000000000000000000,33.9285714285714373
59,D06,31.6666666666666667,1.3333333333333333,39.0000000000000000,1.00000000000000000000,22.2222222222222217
59,D07,27.6666666666666667,2.0000000000000000,39.8333333333333360,1.00000000000000000000,35.5648535564853603
60,D07,28.3333333333333333,1.6666666666666667,39.8333333333333360,1.00000000000000000000,33.0543933054393367
60,D02,28.0000000000000000,2.3333333333333333,35.6666666666666640,1.00000000000000000000,28.0373831775700863
60,D09,30.0000000000000000,2.0000000000000000,41.5000000000000000,2.9000000000000000,41.6867469879518073
60,D06,28.6666666666666667,2.6666666666666667,39.0000000000000000,1.00000000000000000000,33.3333333333333317
60,D10,29.0000000000000000,3.0000000000000000,42.3333333333333300,1.00000000000000000000,38.5826771653543260
60,D01,30.0000000000000000,3.3333333333333333,34.8333333333333360,1.7222222222222222,30.4625199362041497
60,D03,31.3333333333333333,2.6666666666666667,36.5000000000000000,2.3428571428571428,31.3763861709067220
60,D04,28.3333333333333333,2.3333333333333333,37.3333333333333360,1.00000000000000000000,30.3571428571428633
60,D05,28.6666666666666667,2.0000000000000000,38.1666666666666640,1.00000000000000000000,30.1310043668122267
60,D08,28.6666666666666667,3.0000000000000000,40.6666666666666640,1.00000000000000000000,36.8852459016393400
61,D07,35.0000000000000000,1.3333333333333333,39.8333333333333360,1.00000000000000000000,15.4811715481171603
61,D03,36.0000000000000000,0.33333333333333333333,36.5000000000000000,2.3428571428571428,3.5877364644487947
61,D06,36.0000000000000000,0.33333333333333333333,39.0000000000000000,1.00000000000000000000,8.5470085470085467
61,D04,32.6666666666666667,1.3333333333333333,37.3333333333333360,1.00000000000000000000,16.0714285714285781
61,D01,33.6666666666666667,0.66666666666666666667,34.8333333333333360,1.7222222222222222,6.6188197767145214
61,D02,35.3333333333333333,0.33333333333333333333,35.6666666666666640,1.00000000000000000000,1.8691588785046663
61,D08,34.0000000000000000,0.66666666666666666667,40.6666666666666640,1.00000000000000000000,18.0327868852458973
61,D05,33.3333333333333333,1.6666666666666667,38.1666666666666640,1.00000000000000000000,17.0305676855895147
61,D10,34.6666666666666667,0.66666666666666666667,42.3333333333333300,1.00000000000000000000,19.6850393700787320
61,D09,34.6666666666666667,0.66666666666666666667,41.5000000000000000,2.9000000000000000,21.5261044176706837
62,D02,32.6666666666666667,1.3333333333333333,35.6666666666666640,1.00000000000000000000,12.1495327102803671
62,D01,32.3333333333333333,2.3333333333333333,34.8333333333333360,1.7222222222222222,18.8197767145135590
62,D04,31.6666666666666667,2.3333333333333333,37.3333333333333360,1.00000000000000000000,21.4285714285714357
62,D05,31.3333333333333333,2.0000000000000000,38.1666666666666640,1.00000000000000000000,23.1441048034934443
62,D07,31.6666666666666667,1.3333333333333333,39.8333333333333360,1.00000000000000000000,23.8493723849372440
62,D03,33.0000000000000000,1.3333333333333333,36.5000000000000000,2.3428571428571428,17.9908675799086743
62,D09,32.3333333333333333,1.3333333333333333,41.5000000000000000,2.9000000000000000,31.8875502008032090
62,D10,33.6666666666666667,2.6666666666666667,42.3333333333333300,1.00000000000000000000,26.7716535433070793
62,D08,32.6666666666666667,2.3333333333333333,40.6666666666666640,1.00000000000000000000,25.4098360655737673
62,D06,33.3333333333333333,1.3333333333333333,39.0000000000000000,1.00000000000000000000,17.9487179487179488
63,D03,30.6666666666666667,1.3333333333333333,36.5000000000000000,2.3428571428571428,24.4357469015003253
63,D07,29.3333333333333333,3.0000000000000000,39.8333333333333360,1.00000000000000000000,33.8912133891213437
63,D02,32.6666666666666667,2.0000000000000000,35.6666666666666640,1.00000000000000000000,14.0186915887850410
63,D08,30.0000000000000000,1.3333333333333333,40.6666666666666640,1.00000000000000000000,29.5081967213114727
63,D04,27.0000000000000000,3.0000000000000000,37.3333333333333360,1.00000000000000000000,35.7142857142857203
63,D06,31.6666666666666667,1.3333333333333333,39.0000000000000000,1.00000000000000000000,22.2222222222222232
63,D09,32.6666666666666667,2.3333333333333333,41.5000000000000000,2.9000000000000000,36.0642570281124487
63,D05,28.0000000000000000,3.0000000000000000,38.1666666666666640,1.00000000000000000000,34.4978165938864583
63,D01,30.0000000000000000,2.3333333333333333,34.8333333333333360,1.7222222222222222,25.4385964912280750
63,D10,30.6666666666666667,1.00000000000000000000,42.3333333333333300,1.00000000000000000000,29.9212598425196773
64,D07,31.3333333333333333,1.6666666666666667,39.8333333333333360,1.00000000000000000000,25.5230125523012590
64,D06,29.6666666666666667,2.0000000000000000,39.0000000000000000,1.00000000000000000000,29.0598290598290580
64,D10,29.6666666666666667,1.3333333333333333,42.3333333333333300,1.00000000000000000000,33.0708661417322747
64,D04,31.6666666666666667,1.6666666666666667,37.3333333333333360,1.00000000000000000000,19.6428571428571493
64,D05,32.0000000000000000,1.00000000000000000000,38.1666666666666640,1.00000000000000000000,18.7772925764192087
64,D03,29.0000000000000000,1.3333333333333333,36.5000000000000000,2.3428571428571428,28.9758643183300700
64,D02,31.0000000000000000,2.6666666666666667,35.6666666666666640,1.00000000000000000000,20.5607476635513957
64,D08,31.0000000000000000,1.6666666666666667,40.6666666666666640,1.00000000000000000000,27.8688524590163883
64,D01,31.6666666666666667,1.3333333333333333,34.8333333333333360,1.7222222222222222,15.7097288676236077
64,D09,30.6666666666666667,1.3333333333333333,41.5000000000000000,2.9000000000000000,35.5823293172690753
65,D04,20.0000000000000000,3.0000000000000000,37.3333333333333360,1.00000000000000000000,54.4642857142857180
65,D10,26.3333333333333333,4.0000000000000000,42.3333333333333300,1.00000000000000000000,47.2440944881889720
65,D09,27.3333333333333333,2.6666666666666667,41.5000000000000000,2.9000000000000000,53.4939759036144517
65,D07,22.3333333333333333,3.3333333333333333,39.8333333333333360,1.00000000000000000000,52.3012552301255267
65,D01,24.6666666666666667,3.0000000000000000,34.8333333333333360,1.7222222222222222,43.8596491228070223
65,D06,26.6666666666666667,2.6666666666666667,39.0000000000000000,1.00000000000000000000,38.4615384615384657
65,D03,29.6666666666666667,1.6666666666666667,36.5000000000000000,2.3428571428571428,29.5759947814742323
65,D05,23.3333333333333333,4.6666666666666667,38.1666666666666640,1.00000000000000000000,51.0917030567685533
65,D08,23.6666666666666667,3.6666666666666667,40.6666666666666640,1.00000000000000000000,50.8196721311475433
65,D02,24.6666666666666667,2.6666666666666667,35.6666666666666640,1.00000000000000000000,38.3177570093457890
66,D05,27.3333333333333333,3.0000000000000000,38.1666666666666640,1.00000000000000000000,36.2445414847161540
66,D01,30.0000000000000000,1.6666666666666667,34.8333333333333360,1.7222222222222222,22.2488038277512021
66,D03,34.0000000000000000,1.3333333333333333,36.5000000000000000,2.3428571428571428,15.4337899543378967
66,D02,30.6666666666666667,1.00000000000000000000,35.6666666666666640,1.00000000000000000000,16.8224299065420496
66,D10,31.3333333333333333,2.3333333333333333,42.3333333333333300,1.00000000000000000000,31.4960629921259760
66,D04,26.0000000000000000,2.6666666666666667,37.3333333333333360,1.00000000000000000000,37.5000000000000067
66,D09,31.3333333333333333,1.00000000000000000000,41.5000000000000000,2.9000000000000000,31.1646586345381540
66,D08,30.6666666666666667,2.0000000000000000,40.6666666666666640,1.00000000000000000000,29.5081967213114727
66,D06,31.3333333333333333,0.66666666666666666667,39.0000000000000000,1.00000000000000000000,21.3675213675213675
66,D07,29.0000000000000000,2.3333333333333333,39.8333333333333360,1.00000000000000000000,33.0543933054393340
67,D06,31.0000000000000000,2.3333333333333333,39.0000000000000000,1.00000000000000000000,26.4957264957264975
67,D05,31.0000000000000000,2.3333333333333333,38.1666666666666640,1.00000000000000000000,24.8908296943231420
67,D07,30.3333333333333333,1.6666666666666667,39.8333333333333360,1.00000000000000000000,28.0334728033472853
67,D04,30.0000000000000000,1.3333333333333333,37.3333333333333360,1.00000000000000000000,23.2142857142857191
67,D01,30.3333333333333333,1.6666666666666667,34.8333333333333360,1.7222222222222222,20.9728867623604531
67,D03,30.3333333333333333,1.6666666666666667,36.5000000000000000,2.3428571428571428,27.9582517938682347
67,D02,30.3333333333333333,1.3333333333333333,35.6666666666666640,1.00000000000000000000,18.6915887850467240
67,D08,30.3333333333333333,1.6666666666666667,40.6666666666666640,1.00000000000000000000,29.5081967213114693
67,D09,30.6666666666666667,2.0000000000000000,41.5000000000000000,2.9000000000000000,40.1606425702811263
67,D10,30.3333333333333333,1.6666666666666667,42.3333333333333300,1.00000000000000000000,32.2834645669291273
68,D09,25.6666666666666667,3.0000000000000000,41.5000000000000000,2.9000000000000000,58.5542168674698787
68,D10,22.0000000000000000,3.0000000000000000,42.3333333333333300,1.00000000000000000000,55.1181102362204667
68,D07,20.3333333333333333,4.0000000000000000,39.8333333333333360,1.00000000000000000000,58.9958158995815900
68,D03,28.0000000000000000,1.6666666666666667,36.5000000000000000,2.3428571428571428,33.9334637964774913
68,D08,22.0000000000000000,5.0000000000000000,40.6666666666666640,1.00000000000000000000,58.1967213114754080
68,D06,25.3333333333333333,3.6666666666666667,39.0000000000000000,1.00000000000000000000,44.4444444444444450
68,D05,21.0000000000000000,4.6666666666666667,38.1666666666666640,1.00000000000000000000,57.2052401746724883
68,D02,24.6666666666666667,3.6666666666666667,35.6666666666666640,1.00000000000000000000,41.1214953271027993
68,D04,18.6666666666666667,3.3333333333333333,37.3333333333333360,1.00000000000000000000,58.9285714285714320
68,D01,23.6666666666666667,4.0000000000000000,34.8333333333333360,1.7222222222222222,51.5948963317384387
69,D08,25.3333333333333333,3.0000000000000000,40.6666666666666640,1.00000000000000000000,45.0819672131147507
69,D05,23.6666666666666667,5.6666666666666667,38.1666666666666640,1.00000000000000000000,52.8384279475982507
69,D07,24.0000000000000000,3.3333333333333333,39.8333333333333360,1.00000000000000000000,48.1171548117154840
69,D09,27.3333333333333333,1.00000000000000000000,41.5000000000000000,2.9000000000000000,42.0080321285140540
69,D06,25.0000000000000000,1.3333333333333333,39.0000000000000000,1.00000000000000000000,39.3162393162393158
69,D03,30.3333333333333333,2.3333333333333333,36.5000000000000000,2.3428571428571428,32.3939986953685533
69,D02,24.3333333333333333,1.3333333333333333,35.6666666666666640,1.00000000000000000000,35.5140186915887806
69,D01,24.3333333333333333,1.3333333333333333,34.8333333333333360,1.7222222222222222,36.6826156299840564
69,D04,19.3333333333333333,2.6666666666666667,37.3333333333333360,1.00000000000000000000,55.3571428571428600
69,D10,27.0000000000000000,4.3333333333333333,42.3333333333333300,1.00000000000000000000,46.4566929133858207
70,D04,24.0000000000000000,3.3333333333333333,37.3333333333333360,1.00000000000000000000,44.6428571428571467
70,D06,25.0000000000000000,3.0000000000000000,39.0000000000000000,1.00000000000000000000,43.5897435897435900
70,D09,26.3333333333333333,1.3333333333333333,41.5000000000000000,2.9000000000000000,45.4618473895582337
70,D05,25.0000000000000000,3.6666666666666667,38.1666666666666640,1.00000000000000000000,44.1048034934497780
70,D03,28.6666666666666667,2.0000000000000000,36.5000000000000000,2.3428571428571428,34.3248532289628180
70,D08,25.3333333333333333,3.6666666666666667,40.6666666666666640,1.00000000000000000000,46.7213114754098330
70,D01,25.6666666666666667,2.3333333333333333,34.8333333333333360,1.7222222222222222,37.7192982456140430
70,D10,25.6666666666666667,3.6666666666666667,42.3333333333333300,1.00000000000000000000,48.0314960629921200
70,D07,24.3333333333333333,2.6666666666666667,39.8333333333333360,1.00000000000000000000,45.6066945606694590
70,D02,24.0000000000000000,1.6666666666666667,35.6666666666666640,1.00000000000000000000,37.3831775700934537
71,D10,26.0000000000000000,2.6666666666666667,42.3333333333333300,1.00000000000000000000,44.8818897637795207
71,D06,26.3333333333333333,3.0000000000000000,39.0000000000000000,1.00000000000000000000,40.1709401709401708
71,D05,25.0000000000000000,3.6666666666666667,38.1666666666666640,1.00000000000000000000,44.1048034934497777
71,D07,25.3333333333333333,2.0000000000000000,39.8333333333333360,1.00000000000000000000,41.4225941422594180
71,D03,29.0000000000000000,1.00000000000000000000,36.5000000000000000,2.3428571428571428,26.9928245270711040
71,D09,27.6666666666666667,1.00000000000000000000,41.5000000000000000,2.9000000000000000,39.7590361445783163
71,D01,27.0000000000000000,1.6666666666666667,34.8333333333333360,1.7222222222222222,30.5422647527910771
71,D08,26.0000000000000000,3.0000000000000000,40.6666666666666640,1.00000000000000000000,43.4426229508196693
71,D04,24.3333333333333333,3.0000000000000000,37.3333333333333360,1.00000000000000000000,42.8571428571428613
71,D02,25.0000000000000000,2.0000000000000000,35.6666666666666640,1.00000000000000000000,35.5140186915887806
72,D07,23.6666666666666667,4.3333333333333333,39.8333333333333360,1.00000000000000000000,51.4644351464435187
72,D05,24.0000000000000000,5.0000000000000000,38.1666666666666640,1.00000000000000000000,50.2183406113537070
72,D04,22.0000000000000000,3.0000000000000000,37.3333333333333360,1.00000000000000000000,49.1071428571428591
72,D08,22.6666666666666667,3.3333333333333333,40.6666666666666640,1.00000000000000000000,52.4590163934426193
72,D06,25.3333333333333333,1.6666666666666667,39.0000000000000000,1.00000000000000000000,39.3162393162393158
72,D01,23.6666666666666667,1.6666666666666667,34.8333333333333360,1.7222222222222222,40.1913875598086151
72,D03,30.6666666666666667,2.3333333333333333,36.5000000000000000,2.3428571428571428,31.2981082844096540
72,D02,22.3333333333333333,1.3333333333333333,35.6666666666666640,1.00000000000000000000,41.1214953271027990
72,D09,25.0000000000000000,0.66666666666666666667,41.5000000000000000,2.9000000000000000,43.6144578313253020
72,D10,25.3333333333333333,4.6666666666666667,42.3333333333333300,1.00000000000000000000,51.1811023622047193
73,D09,20.6666666666666667,3.6666666666666667,41.5000000000000000,2.9000000000000000,74.1365461847389567
73,D07,16.3333333333333333,4.0000000000000000,39.8333333333333360,1.00000000000000000000,69.0376569037656913
73,D03,22.0000000000000000,2.3333333333333333,36.5000000000000000,2.3428571428571428,54.5727332028701900
73,D02,17.3333333333333333,5.0000000000000000,35.6666666666666640,1.00000000000000000000,65.4205607476635500
73,D06,17.3333333333333333,4.3333333333333333,39.0000000000000000,1.00000000000000000000,66.6666666666666667
73,D10,15.6666666666666667,3.6666666666666667,42.3333333333333300,1.00000000000000000000,71.6535433070866133
73,D01,20.0000000000000000,4.3333333333333333,34.8333333333333360,1.7222222222222222,63.7958532695374767
73,D05,16.0000000000000000,3.3333333333333333,38.1666666666666640,1.00000000000000000000,66.8122270742358067
73,D04,18.3333333333333333,5.3333333333333333,37.3333333333333360,1.00000000000000000000,65.1785714285714333
73,D08,16.6666666666666667,4.3333333333333333,40.6666666666666640,1.00000000000000000000,69.6721311475409800
74,D04,18.6666666666666667,2.6666666666666667,37.3333333333333360,1.00000000000000000000,57.1428571428571467
74,D03,29.3333333333333333,1.6666666666666667,36.5000000000000000,2.3428571428571428,30.3065883887801667
74,D02,24.3333333333333333,1.6666666666666667,35.6666666666666640,1.00000000000000000000,36.4485981308411173
74,D09,26.0000000000000000,1.3333333333333333,41.5000000000000000,2.9000000000000000,46.2650602409638553
74,D05,21.6666666666666667,5.3333333333333333,38.1666666666666640,1.00000000000000000000,57.2052401746724853
74,D01,23.6666666666666667,3.0000000000000000,34.8333333333333360,1.7222222222222222,46.8102073365231337
74,D07,21.6666666666666667,4.3333333333333333,39.8333333333333360,1.00000000000000000000,56.4853556485355680
74,D08,20.6666666666666667,3.3333333333333333,40.6666666666666640,1.00000000000000000000,57.3770491803278677
74,D10,25.0000000000000000,4.3333333333333333,42.3333333333333300,1.00000000000000000000,51.1811023622047187
74,D06,25.3333333333333333,2.3333333333333333,39.0000000000000000,1.00000000000000000000,41.0256410256410258
75,D07,16.3333333333333333,5.3333333333333333,39.8333333333333360,1.00000000000000000000,72.3849372384937233
75,D01,17.6666666666666667,3.0000000000000000,34.8333333333333360,1.7222222222222222,63.8755980861244000
75,D03,23.3333333333333333,3.0000000000000000,36.5000000000000000,2.3428571428571428,55.5381604696673200
75,D04,15.3333333333333333,4.3333333333333333,37.3333333333333360,1.00000000000000000000,70.5357142857142900
75,D08,15.6666666666666667,4.3333333333333333,40.6666666666666640,1.00000000000000000000,72.1311475409836100
75,D02,16.6666666666666667,3.3333333333333333,35.6666666666666640,1.00000000000000000000,62.6168224299065403
75,D05,17.6666666666666667,6.3333333333333333,38.1666666666666640,1.00000000000000000000,70.3056768558951917
75,D09,21.0000000000000000,3.0000000000000000,41.5000000000000000,2.9000000000000000,68.0321285140562233
75,D10,18.0000000000000000,5.3333333333333333,42.3333333333333300,1.00000000000000000000,70.0787401574803100
75,D06,19.0000000000000000,4.3333333333333333,39.0000000000000000,1.00000000000000000000,62.3931623931623933
76,D04,28.0000000000000000,2.0000000000000000,37.3333333333333360,1.00000000000000000000,30.3571428571428625
76,D05,29.6666666666666667,3.3333333333333333,38.1666666666666640,1.00000000000000000000,31.0043668122270670
76,D07,29.3333333333333333,2.6666666666666667,39.8333333333333360,1.00000000000000000000,33.0543933054393340
76,D08,29.6666666666666667,2.0000000000000000,40.6666666666666640,1.00000000000000000000,31.9672131147540960
76,D03,34.6666666666666667,1.3333333333333333,36.5000000000000000,2.3428571428571428,13.4246575342465733
76,D02,34.3333333333333333,1.3333333333333333,35.6666666666666640,1.00000000000000000000,7.4766355140186853
76,D01,30.3333333333333333,1.3333333333333333,34.8333333333333360,1.7222222222222222,19.6172248803827794
76,D09,32.6666666666666667,1.3333333333333333,41.5000000000000000,2.9000000000000000,30.7630522088353423
76,D06,34.6666666666666667,1.00000000000000000000,39.0000000000000000,1.00000000000000000000,13.6752136752136748
76,D10,30.0000000000000000,1.6666666666666667,42.3333333333333300,1.00000000000000000000,33.0708661417322773
77,D04,20.0000000000000000,3.6666666666666667,37.3333333333333360,1.00000000000000000000,56.2500000000000023
77,D07,20.0000000000000000,4.3333333333333333,39.8333333333333360,1.00000000000000000000,60.6694560669456080
77,D02,19.0000000000000000,3.0000000000000000,35.6666666666666640,1.00000000000000000000,55.1401869158878500
77,D03,24.3333333333333333,4.0000000000000000,36.5000000000000000,2.3428571428571428,58.7997390737116783
77,D10,20.6666666666666667,4.3333333333333333,42.3333333333333300,1.00000000000000000000,61.4173228346456680
77,D01,22.0000000000000000,3.3333333333333333,34.8333333333333360,1.7222222222222222,53.4290271132376420
77,D05,20.3333333333333333,4.3333333333333333,38.1666666666666640,1.00000000000000000000,58.0786026200873337
77,D06,19.0000000000000000,3.0000000000000000,39.0000000000000000,1.00000000000000000000,58.9743589743589750
77,D09,22.6666666666666667,2.6666666666666667,41.5000000000000000,2.9000000000000000,62.3293172690763047
77,D08,20.6666666666666667,3.3333333333333333,40.6666666666666640,1.00000000000000000000,57.3770491803278700
78,D06,11.3333333333333333,7.3333333333333333,39.0000000000000000,1.00000000000000000000,89.7435897435897400
78,D10,9.3333333333333333,7.6666666666666667,42.3333333333333300,1.00000000000000000000,96.0629921259842500
78,D01,11.3333333333333333,4.6666666666666667,34.8333333333333360,1.7222222222222222,90.5103668261563033
78,D02,7.6666666666666667,5.3333333333333333,35.6666666666666640,1.00000000000000000000,93.4579439252336433
78,D07,6.3333333333333333,5.6666666666666667,39.8333333333333360,1.00000000000000000000,98.3263598326359833
78,D09,13.6666666666666667,2.0000000000000000,41.5000000000000000,2.9000000000000000,79.2771084337349433
78,D05,10.0000000000000000,9.6666666666666667,38.1666666666666640,1.00000000000000000000,99.1266375545851533
78,D03,19.0000000000000000,2.0000000000000000,36.5000000000000000,2.3428571428571428,60.7827788649706433
78,D08,9.6666666666666667,8.3333333333333333,40.6666666666666640,1.00000000000000000000,96.7213114754098367
78,D04,5.0000000000000000,4.6666666666666667,37.3333333333333360,1.00000000000000000000,99.1071428571428567
79,D04,31.0000000000000000,1.3333333333333333,37.3333333333333360,1.00000000000000000000,20.5357142857142925
79,D02,33.6666666666666667,1.3333333333333333,35.6666666666666640,1.00000000000000000000,9.3457943925233581
79,D10,31.6666666666666667,1.00000000000000000000,42.3333333333333300,1.00000000000000000000,27.5590551181102287
79,D01,32.0000000000000000,1.00000000000000000000,34.8333333333333360,1.7222222222222222,13.1578947368421101
79,D05,31.6666666666666667,1.6666666666666667,38.1666666666666640,1.00000000000000000000,21.3973799126637490
79,D03,33.0000000000000000,1.00000000000000000000,36.5000000000000000,2.3428571428571428,15.9817351598173502
79,D07,31.0000000000000000,1.3333333333333333,39.8333333333333360,1.00000000000000000000,25.5230125523012610
79,D08,31.6666666666666667,1.6666666666666667,40.6666666666666640,1.00000000000000000000,26.2295081967213073
79,D06,34.0000000000000000,1.3333333333333333,39.0000000000000000,1.00000000000000000000,16.2393162393162383
79,D09,32.6666666666666667,1.00000000000000000000,41.5000000000000000,2.9000000000000000,27.9518072289156640
80,D04,16.6666666666666667,4.6666666666666667,37.3333333333333360,1.00000000000000000000,67.8571428571428590
80,D01,20.0000000000000000,3.6666666666666667,34.8333333333333360,1.7222222222222222,60.9250398724082953
80,D10,18.0000000000000000,4.0000000000000000,42.3333333333333300,1.00000000000000000000,66.9291338582677107
80,D03,21.3333333333333333,3.0000000000000000,36.5000000000000000,2.3428571428571428,61.2785388127853800
80,D05,17.3333333333333333,4.6666666666666667,38.1666666666666640,1.00000000000000000000,66.8122270742358077
80,D08,18.3333333333333333,4.0000000000000000,40.6666666666666640,1.00000000000000000000,64.7540983606557360
80,D09,21.3333333333333333,3.6666666666666667,41.5000000000000000,2.9000000000000000,75.9839357429718973
80,D07,17.0000000000000000,4.0000000000000000,39.8333333333333360,1.00000000000000000000,67.3640167364016757
80,D02,17.6666666666666667,3.3333333333333333,35.6666666666666640,1.00000000000000000000,59.8130841121495323
80,D06,18.6666666666666667,5.0000000000000000,39.0000000000000000,1.00000000000000000000,64.9572649572649575
