1,D10,36,1,1.5966666666666667,42.33333333333333,18.732283464566915,Under Saturated
1,D01,34,2,1.5966666666666667,34.833333333333336,11.559808612440202,Under Saturated
1,D03,36,0,1.5966666666666667,36.5,1.36986301369863,Under Saturated
1,D02,36,1,1.5966666666666667,35.666666666666664,3.542056074766341,Under Saturated
1,D05,34,2,1.5966666666666667,38.166666666666664,19.283842794759824,Under Saturated
1,D04,32,1,1.5966666666666667,37.333333333333336,18.562500000000007,Under Saturated
1,D07,34,1,1.5966666666666667,39.833333333333336,18.652719665271963,Under Saturated
1,D06,36,0,1.5966666666666667,39.0,7.6923076923076925,Under Saturated
1,D09,35,1,1.5966666666666667,41.5,19.510040160642564,Under Saturated
1,D08,35,1,1.5966666666666667,40.666666666666664,17.860655737704906,Under Saturated
2,D10,36,0,1.5966666666666667,42.33333333333333,14.960629921259832,Under Saturated
2,D01,36,0,1.5966666666666667,34.833333333333336,-3.3492822966507108,Under Saturated
2,D03,35,0,1.5966666666666667,36.5,4.10958904109589,Under Saturated
2,D02,35,0,1.5966666666666667,35.666666666666664,1.8691588785046664,Under Saturated
2,D05,36,0,1.5966666666666667,38.166666666666664,5.676855895196501,Under Saturated
2,D04,36,0,1.5966666666666667,37.333333333333336,3.5714285714285774,Under Saturated
2,D07,36,0,1.5966666666666667,39.833333333333336,9.623430962343102,Under Saturated
2,D06,34,0,1.5966666666666667,39.0,12.82051282051282,Under Saturated
2,D09,36,0,1.5966666666666667,41.5,13.253012048192772,Under Saturated
2,D08,36,0,1.5966666666666667,40.666666666666664,11.475409836065568,Under Saturated
3,D10,36,0,1.5966666666666667,42.33333333333333,14.960629921259832,Under Saturated
3,D01,32,2,1.5966666666666667,34.833333333333336,17.301435406698577,Under Saturated
3,D03,36,0,1.5966666666666667,36.5,1.36986301369863,Under Saturated
3,D02,36,0,1.5966666666666667,35.666666666666664,-0.9345794392523431,Under Saturated
3,D05,29,2,1.5966666666666667,38.166666666666664,32.38427947598254,Under Saturated
3,D04,28,2,1.5966666666666667,37.333333333333336,33.55357142857144,Under Saturated
3,D07,30,2,1.5966666666666667,39.833333333333336,32.702928870292894,Under Saturated
3,D06,36,0,1.5966666666666667,39.0,7.6923076923076925,Under Saturated
3,D09,36,1,1.5966666666666667,41.5,17.1004016064257,Under Saturated
3,D08,30,1,1.5966666666666667,40.666666666666664,30.155737704918028,Under Saturated
4,D10,30,2,1.5966666666666667,42.33333333333333,36.677165354330704,Under Saturated
4,D01,28,3,1.5966666666666667,34.833333333333336,33.36842105263158,Under Saturated
4,D03,33,2,1.5966666666666667,36.5,18.337899543379,Under Saturated
4,D02,33,2,1.5966666666666667,35.666666666666664,16.429906542056074,Under Saturated
4,D05,27,4,1.5966666666666667,38.166666666666664,45.99126637554585,Under Saturated
4,D04,24,3,1.5966666666666667,37.333333333333336,48.544642857142854,Under Saturated
4,D07,27,3,1.5966666666666667,39.833333333333336,44.24267782426779,Under Saturated
4,D06,35,2,1.5966666666666667,39.0,18.44444444444445,Under Saturated
4,D09,31,2,1.5966666666666667,41.5,32.99598393574298,Under Saturated
4,D08,28,3,1.5966666666666667,40.666666666666664,42.92622950819672,Under Saturated
5,D10,26,2,1.5966666666666667,41.33333333333333,44.82258064516129,Under Saturated
5,D01,27,2,1.5966666666666667,33.833333333333336,29.635467980295576,Under Saturated
5,D03,26,2,1.5966666666666667,35.5,35.75586854460094,Under Saturated
5,D02,27,3,1.5966666666666667,34.666666666666664,35.9326923076923,Under Saturated
5,D05,27,1,1.5966666666666667,37.166666666666664,31.650224215246638,Under Saturated
5,D04,28,2,1.5966666666666667,36.333333333333336,31.724770642201843,Under Saturated
5,D07,27,2,1.5966666666666667,38.833333333333336,38.695278969957094,Under Saturated
5,D06,26,2,1.5966666666666667,38.0,39.982456140350884,Under Saturated
5,D09,27,3,1.5966666666666667,40.5,45.160493827160494,Under Saturated
5,D08,25,1,1.5966666666666667,39.666666666666664,41.0,Under Saturated
6,D10,29,1,1.5966666666666667,41.33333333333333,33.7016129032258,Under Saturated
6,D01,29,2,1.5966666666666667,33.833333333333336,23.724137931034495,Under Saturated
6,D03,30,1,1.5966666666666667,35.5,19.9906103286385,Under Saturated
6,D02,32,3,1.5966666666666667,34.666666666666664,21.509615384615376,Under Saturated
6,D05,27,4,1.5966666666666667,37.166666666666664,44.538116591928244,Under Saturated
6,D04,25,2,1.5966666666666667,36.333333333333336,39.9816513761468,Under Saturated
6,D07,29,2,1.5966666666666667,38.833333333333336,33.54506437768241,Under Saturated
6,D06,31,2,1.5966666666666667,38.0,26.824561403508778,Under Saturated
6,D09,31,3,1.5966666666666667,40.5,35.28395061728395,Under Saturated
6,D08,30,3,1.5966666666666667,39.666666666666664,36.4453781512605,Under Saturated
7,D10,29,1,1.5966666666666667,41.33333333333333,33.7016129032258,Under Saturated
7,D01,28,1,1.5966666666666667,33.833333333333336,21.960591133004932,Under Saturated
7,D03,34,1,1.5966666666666667,35.5,8.723004694835673,Under Saturated
7,D02,34,1,1.5966666666666667,34.666666666666664,6.528846153846139,Under Saturated
7,D05,28,4,1.5966666666666667,37.166666666666664,41.847533632286996,Under Saturated
7,D04,25,2,1.5966666666666667,36.333333333333336,39.9816513761468,Under Saturated
7,D07,28,3,1.5966666666666667,38.833333333333336,40.23175965665236,Under Saturated
7,D06,35,1,1.5966666666666667,38.0,12.096491228070168,Under Saturated
7,D09,31,2,1.5966666666666667,40.5,31.341563786008237,Under Saturated
7,D08,27,2,1.5966666666666667,39.666666666666664,39.983193277310924,Under Saturated
8,D10,34,2,1.5966666666666667,41.33333333333333,25.46774193548387,Under Saturated
8,D01,29,2,1.5966666666666667,33.833333333333336,23.724137931034495,Under Saturated
8,D03,35,0,1.5966666666666667,35.5,1.4084507042253522,Under Saturated
8,D02,33,2,1.5966666666666667,34.666666666666664,14.019230769230766,Under Saturated
8,D05,29,3,1.5966666666666667,37.166666666666664,34.86098654708519,Under Saturated
8,D04,27,2,1.5966666666666667,36.333333333333336,34.47706422018349,Under Saturated
8,D07,29,2,1.5966666666666667,38.833333333333336,33.54506437768241,Under Saturated
8,D06,35,0,1.5966666666666667,38.0,7.894736842105263,Under Saturated
8,D09,32,2,1.5966666666666667,40.5,28.8724279835391,Under Saturated
8,D08,32,2,1.5966666666666667,39.666666666666664,27.378151260504204,Under Saturated
9,D10,35,0,1.5966666666666667,41.33333333333333,15.32258064516128,Under Saturated
9,D01,35,0,1.5966666666666667,33.833333333333336,-3.4482758620689586,Under Saturated
9,D03,35,0,1.5966666666666667,35.5,1.4084507042253522,Under Saturated
9,D02,35,0,1.5966666666666667,34.666666666666664,-0.9615384615384683,Under Saturated
9,D05,35,0,1.5966666666666667,37.166666666666664,5.8295964125560475,Under Saturated
9,D04,35,0,1.5966666666666667,36.333333333333336,3.6697247706422083,Under Saturated
9,D07,35,0,1.5966666666666667,38.833333333333336,9.871244635193138,Under Saturated
9,D06,34,0,1.5966666666666667,38.0,10.526315789473683,Under Saturated
9,D09,35,0,1.5966666666666667,40.5,13.580246913580247,Under Saturated
9,D08,35,0,1.5966666666666667,39.666666666666664,11.764705882352935,Under Saturated
10,D10,33,1,1.5966666666666667,41.33333333333333,24.02419354838709,Under Saturated
10,D01,34,1,1.5966666666666667,33.833333333333336,4.2266009852216735,Under Saturated
10,D03,34,1,1.5966666666666667,35.5,8.723004694835673,Under Saturated
10,D02,34,1,1.5966666666666667,34.666666666666664,6.528846153846139,Under Saturated
10,D05,29,2,1.5966666666666667,37.166666666666664,30.565022421524663,Under Saturated
10,D04,30,3,1.5966666666666667,36.333333333333336,30.61467889908257,Under Saturated
10,D07,33,1,1.5966666666666667,38.833333333333336,19.133047210300436,Under Saturated
10,D06,34,1,1.5966666666666667,38.0,14.72807017543859,Under Saturated
10,D09,34,1,1.5966666666666667,40.5,19.9917695473251,Under Saturated
10,D08,34,1,1.5966666666666667,39.666666666666664,18.310924369747887,Under Saturated
11,D10,29,2,1.5966666666666667,41.33333333333333,37.564516129032256,Under Saturated
11,D01,30,2,1.5966666666666667,33.833333333333336,20.76847290640395,Under Saturated
11,D03,29,2,1.5966666666666667,35.5,27.30516431924883,Under Saturated
11,D02,30,3,1.5966666666666667,34.666666666666664,27.278846153846146,Under Saturated
11,D05,27,2,1.5966666666666667,37.166666666666664,35.946188340807176,Under Saturated
11,D04,26,2,1.5966666666666667,36.333333333333336,37.22935779816515,Under Saturated
11,D07,30,2,1.5966666666666667,38.833333333333336,30.969957081545076,Under Saturated
11,D06,29,3,1.5966666666666667,38.0,36.28947368421052,Under Saturated
11,D09,30,2,1.5966666666666667,40.5,33.81069958847737,Under Saturated
11,D08,28,1,1.5966666666666667,39.666666666666664,33.436974789915965,Under Saturated
12,D10,27,1,1.5966666666666667,41.33333333333333,38.54032258064516,Under Saturated
12,D01,28,0,1.5966666666666667,33.833333333333336,17.241379310344833,Under Saturated
12,D03,33,1,1.5966666666666667,35.5,11.539906103286388,Under Saturated
12,D02,34,1,1.5966666666666667,34.666666666666664,6.528846153846139,Under Saturated
12,D05,28,3,1.5966666666666667,37.166666666666664,37.55156950672645,Under Saturated
12,D04,26,1,1.5966666666666667,36.333333333333336,32.83486238532111,Under Saturated
12,D07,28,3,1.5966666666666667,38.833333333333336,40.23175965665236,Under Saturated
12,D06,34,1,1.5966666666666667,38.0,14.72807017543859,Under Saturated
12,D09,31,1,1.5966666666666667,40.5,27.399176954732514,Under Saturated
12,D08,26,1,1.5966666666666667,39.666666666666664,38.47899159663866,Under Saturated
13,D10,32,2,1.5966666666666667,41.33333333333333,30.306451612903224,Under Saturated
13,D01,30,2,1.5966666666666667,33.833333333333336,20.76847290640395,Under Saturated
13,D03,33,1,1.5966666666666667,35.5,11.539906103286388,Under Saturated
13,D02,32,1,1.5966666666666667,34.666666666666664,12.29807692307692,Under Saturated
13,D05,32,4,1.5966666666666667,37.166666666666664,31.085201793721968,Under Saturated
13,D04,30,2,1.5966666666666667,36.333333333333336,26.22018348623854,Under Saturated
13,D07,31,2,1.5966666666666667,38.833333333333336,28.394849785407732,Under Saturated
13,D06,34,2,1.5966666666666667,38.0,18.929824561403514,Under Saturated
13,D09,33,2,1.5966666666666667,40.5,26.403292181069965,Under Saturated
13,D08,31,2,1.5966666666666667,39.666666666666664,29.89915966386555,Under Saturated
14,D10,12,4,1.5966666666666667,41.33333333333333,86.41935483870968,Under Saturated
14,D01,18,7,1.5966666666666667,33.833333333333336,79.83251231527093,Under Saturated
14,D03,20,4,1.5966666666666667,35.5,61.652582159624416,Under Saturated
14,D02,17,8,1.5966666666666667,34.666666666666664,87.8076923076923,Under Saturated
14,D05,9,3,1.5966666666666667,37.166666666666664,88.67264573991032,Under Saturated
14,D04,12,6,1.5966666666666667,36.333333333333336,93.33944954128441,Under Saturated
14,D07,7,2,1.5966666666666667,38.833333333333336,90.19742489270386,Under Saturated
14,D06,18,6,1.5966666666666667,38.0,77.84210526315789,Under Saturated
14,D09,17,2,1.5966666666666667,40.5,65.90946502057614,Under Saturated
14,D08,12,8,1.5966666666666667,39.666666666666664,101.94957983193278,Over Saturated
15,D10,32,0,1.5966666666666667,41.33333333333333,22.580645161290313,Under Saturated
15,D01,32,1,1.5966666666666667,33.833333333333336,10.137931034482769,Under Saturated
15,D03,31,0,1.5966666666666667,35.5,12.676056338028168,Under Saturated
15,D02,33,1,1.5966666666666667,34.666666666666664,9.413461538461535,Under Saturated
15,D05,34,2,1.5966666666666667,37.166666666666664,17.112107623318384,Under Saturated
15,D04,32,1,1.5966666666666667,36.333333333333336,16.3211009174312,Under Saturated
15,D07,33,1,1.5966666666666667,38.833333333333336,19.133047210300436,Under Saturated
15,D06,33,2,1.5966666666666667,38.0,21.561403508771935,Under Saturated
15,D09,34,2,1.5966666666666667,40.5,23.934156378600825,Under Saturated
15,D08,33,1,1.5966666666666667,39.666666666666664,20.83193277310924,Under Saturated
16,D10,4,4,1.5966666666666667,41.33333333333333,105.7741935483871,Over Saturated
16,D01,8,2,1.5966666666666667,33.833333333333336,85.79310344827587,Under Saturated
16,D03,15,2,1.5966666666666667,35.5,66.74178403755869,Under Saturated
16,D02,6,6,1.5966666666666667,34.666666666666664,110.32692307692307,Over Saturated
16,D05,8,8,1.5966666666666667,37.166666666666664,112.84304932735425,Over Saturated
16,D04,5,5,1.5966666666666667,36.333333333333336,108.21100917431193,Over Saturated
16,D07,8,8,1.5966666666666667,38.833333333333336,112.29184549356223,Over Saturated
16,D06,5,5,1.5966666666666667,38.0,107.85087719298245,Over Saturated
16,D09,12,2,1.5966666666666667,40.5,78.25514403292182,Under Saturated
16,D08,5,5,1.5966666666666667,39.666666666666664,107.52100840336134,Over Saturated
17,D10,19,6,1.5966666666666667,41.33333333333333,77.20967741935483,Under Saturated
17,D01,17,4,1.5966666666666667,33.833333333333336,68.63054187192118,Under Saturated
17,D03,24,2,1.5966666666666667,35.5,41.38967136150235,Under Saturated
17,D02,25,4,1.5966666666666667,34.666666666666664,46.30769230769231,Under Saturated
17,D05,17,7,1.5966666666666667,37.166666666666664,84.33183856502242,Under Saturated
17,D04,14,4,1.5966666666666667,36.333333333333336,79.04587155963303,Under Saturated
17,D07,16,5,1.5966666666666667,38.833333333333336,79.35622317596567,Under Saturated
17,D06,27,5,1.5966666666666667,38.0,49.95614035087719,Under Saturated
17,D09,21,4,1.5966666666666667,40.5,63.91769547325102,Under Saturated
17,D08,17,6,1.0,39.666666666666664,81.29411764705881,Under Saturated
18,D10,31,0,1.5966666666666667,41.33333333333333,24.999999999999993,Under Saturated
18,D01,34,0,1.5966666666666667,33.833333333333336,-0.4926108374384166,Under Saturated
18,D03,35,0,1.5966666666666667,35.5,1.4084507042253522,Under Saturated
18,D02,31,0,1.5966666666666667,34.666666666666664,10.576923076923071,Under Saturated
18,D05,31,0,1.5966666666666667,37.166666666666664,16.59192825112107,Under Saturated
18,D04,32,1,1.5966666666666667,36.333333333333336,16.3211009174312,Under Saturated
18,D07,31,0,1.5966666666666667,38.833333333333336,20.171673819742495,Under Saturated
18,D06,31,0,1.5966666666666667,38.0,18.421052631578945,Under Saturated
18,D09,35,0,1.5966666666666667,40.5,13.580246913580247,Under Saturated
18,D08,31,0,1.0,39.666666666666664,21.848739495798313,Under Saturated
19,D10,14,9,1.5966666666666667,41.33333333333333,100.89516129032259,Over Saturated
19,D01,11,5,1.5966666666666667,33.833333333333336,91.08374384236454,Under Saturated
19,D03,18,2,1.5966666666666667,35.5,58.29107981220658,Under Saturated
19,D02,9,4,1.5966666666666667,34.666666666666664,92.46153846153845,Under Saturated
19,D05,12,9,1.5966666666666667,37.166666666666664,106.37668161434976,Over Saturated
19,D04,4,1,1.5966666666666667,36.333333333333336,93.38532110091742,Under Saturated
19,D07,8,5,1.5966666666666667,38.833333333333336,99.95708154506437,Under Saturated
19,D06,14,7,1.5966666666666667,38.0,92.57017543859648,Under Saturated
19,D09,11,1,1.5966666666666667,40.5,76.78189300411523,Under Saturated
19,D08,14,10,1.0,39.666666666666664,104.95798319327731,Under Saturated
20,D10,30,3,1.5555555555555556,41.33333333333333,39.00806451612902,Under Saturated
20,D01,29,4,1.5966666666666667,33.833333333333336,33.16256157635468,Under Saturated
20,D03,29,2,1.5966666666666667,35.5,27.30516431924883,Under Saturated
20,D02,29,3,1.5966666666666667,34.666666666666664,30.163461538461533,Under Saturated
20,D05,27,2,1.3333333333333333,37.166666666666664,35.946188340807176,Under Saturated
20,D04,26,3,1.5966666666666667,36.333333333333336,41.62385321100918,Under Saturated
20,D07,30,2,1.5966666666666667,38.833333333333336,30.969957081545076,Under Saturated
20,D06,30,4,1.5966666666666667,38.0,37.859649122807014,Under Saturated
20,D09,28,2,1.5966666666666667,40.5,38.74897119341564,Under Saturated
20,D08,29,2,1.0,39.666666666666664,34.94117647058824,Under Saturated
21,D10,35,0,1.5555555555555556,41.33333333333333,15.32258064516128,Under Saturated
21,D01,35,0,1.5966666666666667,33.833333333333336,-3.4482758620689586,Under Saturated
21,D03,35,0,1.5966666666666667,35.5,1.4084507042253522,Under Saturated
21,D02,35,0,1.5966666666666667,34.666666666666664,-0.9615384615384683,Under Saturated
21,D05,33,1,1.3333333333333333,37.166666666666664,15.5067264573991,Under Saturated
21,D04,33,2,1.5966666666666667,36.333333333333336,17.96330275229359,Under Saturated
21,D07,35,0,1.5966666666666667,38.833333333333336,9.871244635193138,Under Saturated
21,D06,35,0,1.5966666666666667,38.0,7.894736842105263,Under Saturated
21,D09,35,0,1.5966666666666667,40.5,13.580246913580247,Under Saturated
21,D08,35,0,1.0,39.666666666666664,11.764705882352935,Under Saturated
22,D10,26,3,1.5555555555555556,42.33333333333333,49.897637795275585,Under Saturated
22,D01,27,3,1.5966666666666667,34.833333333333336,36.239234449760765,Under Saturated
22,D03,32,1,1.5966666666666667,36.5,16.703196347031966,Under Saturated
22,D02,25,2,1.5966666666666667,35.666666666666664,38.85981308411215,Under Saturated
22,D05,24,3,1.3333333333333333,38.166666666666664,49.66812227074235,Under Saturated
22,D04,23,3,1.5966666666666667,37.333333333333336,51.22321428571429,Under Saturated
22,D07,23,2,1.5966666666666667,39.833333333333336,50.27615062761507,Under Saturated
22,D06,31,1,1.5966666666666667,39.0,24.60683760683761,Under Saturated
22,D09,28,1,1.5966666666666667,41.5,36.377510040160644,Under Saturated
22,D08,26,4,1.0,40.666666666666664,51.77049180327869,Under Saturated
23,D10,28,4,1.5555555555555556,42.33333333333333,48.94488188976378,Under Saturated
23,D01,29,4,1.5966666666666667,34.833333333333336,35.08133971291866,Under Saturated
23,D03,30,2,1.5966666666666667,36.5,26.55707762557078,Under Saturated
23,D02,30,4,1.5966666666666667,35.666666666666664,33.79439252336448,Under Saturated
23,D05,23,2,1.3333333333333333,38.166666666666664,48.10480349344978,Under Saturated
23,D04,25,4,1.5966666666666667,37.333333333333336,50.142857142857146,Under Saturated
23,D07,24,2,1.5966666666666667,39.833333333333336,47.76569037656905,Under Saturated
23,D06,33,3,1.5966666666666667,39.0,27.666666666666668,Under Saturated
23,D09,30,4,1.5966666666666667,41.5,43.100401606425706,Under Saturated
23,D08,26,3,1.0,40.666666666666664,47.84426229508196,Under Saturated
24,D10,31,2,1.5555555555555556,42.33333333333333,34.31496062992126,Under Saturated
24,D01,27,2,1.5966666666666667,34.833333333333336,31.65550239234451,Under Saturated
24,D03,30,1,1.5966666666666667,36.5,22.182648401826484,Under Saturated
24,D02,32,3,1.5966666666666667,35.666666666666664,23.71028037383177,Under Saturated
24,D05,28,5,1.3333333333333333,38.166666666666664,47.55458515283843,Under Saturated
24,D04,25,2,1.5966666666666667,37.333333333333336,41.58928571428572,Under Saturated
24,D07,28,4,1.5966666666666667,39.833333333333336,45.74058577405858,Under Saturated
24,D06,33,3,1.5966666666666667,39.0,27.666666666666668,Under Saturated
24,D09,30,2,1.5966666666666667,41.5,35.40562248995984,Under Saturated
24,D08,31,3,1.0,40.666666666666664,35.54918032786885,Under Saturated
25,D10,7,7,1.5555555555555556,42.33333333333333,109.86614173228347,Over Saturated
25,D01,12,6,1.5966666666666667,34.833333333333336,93.05263157894737,Under Saturated
25,D03,14,0,1.5966666666666667,36.5,61.64383561643836,Under Saturated
25,D02,6,6,1.5966666666666667,35.666666666666664,110.03738317757008,Over Saturated
25,D05,8,8,1.3333333333333333,38.166666666666664,112.50655021834062,Over Saturated
25,D04,4,4,1.5966666666666667,37.333333333333336,106.39285714285714,Over Saturated
25,D07,3,3,1.5966666666666667,39.833333333333336,104.49372384937239,Over Saturated
25,D06,10,10,1.5966666666666667,39.0,115.29914529914531,Over Saturated
25,D09,11,1,1.5966666666666667,41.5,77.34136546184737,Under Saturated
25,D08,10,10,1.0,40.666666666666664,114.67213114754098,Optimum
26,D10,7,7,1.0,42.33333333333333,109.86614173228347,Optimum
26,D01,10,4,1.5966666666666667,34.833333333333336,89.62679425837321,Under Saturated
26,D03,16,2,1.5966666666666667,36.5,64.91324200913242,Under Saturated
26,D02,6,6,1.0,35.666666666666664,110.03738317757008,Optimum
26,D05,8,8,1.0,38.166666666666664,112.50655021834062,Optimum
26,D04,6,6,1.0,37.333333333333336,109.5892857142857,Optimum
26,D07,8,8,1.0,39.833333333333336,111.98326359832636,Optimum
26,D06,7,7,1.0,39.0,110.70940170940169,Optimum
26,D09,12,2,1.5966666666666667,41.5,78.77911646586347,Under Saturated
26,D08,5,5,1.0,40.666666666666664,107.33606557377048,Optimum
27,D10,6,6,1.0,42.33333333333333,108.45669291338582,Optimum
27,D01,11,5,1.5966666666666667,34.833333333333336,91.33971291866028,Under Saturated
27,D03,15,1,1.5966666666666667,36.5,63.27853881278539,Under Saturated
27,D02,5,5,1.0,35.666666666666664,108.3644859813084,Optimum
27,D05,7,7,1.0,38.166666666666664,110.94323144104806,Optimum
27,D04,4,4,1.0,37.333333333333336,106.39285714285714,Optimum
27,D07,5,5,1.0,39.833333333333336,107.48953974895397,Optimum
27,D06,8,8,1.0,39.0,112.23931623931624,Optimum
27,D09,13,3,1.5966666666666667,41.5,80.21686746987952,Under Saturated
27,D08,8,8,1.0,40.666666666666664,111.73770491803279,Optimum
28,D10,12,7,1.0,42.33333333333333,98.05511811023621,Under Saturated
28,D01,16,6,1.5966666666666667,34.833333333333336,81.56937799043061,Under Saturated
28,D03,22,2,1.5966666666666667,36.5,48.47488584474886,Under Saturated
28,D02,11,4,1.0,35.666666666666664,87.06542056074767,Under Saturated
28,D05,10,7,1.0,38.166666666666664,103.08296943231441,Under Saturated
28,D04,8,5,1.0,37.333333333333336,99.95535714285715,Under Saturated
28,D07,8,4,1.0,39.833333333333336,95.94979079497907,Under Saturated
28,D06,22,7,1.0,39.0,72.24786324786324,Under Saturated
28,D09,17,2,1.5966666666666667,41.5,66.73092369477912,Under Saturated
28,D08,14,10,1.0,40.666666666666664,104.8360655737705,Under Saturated
29,D10,30,0,1.0,42.33333333333333,29.133858267716526,Under Saturated
29,D01,30,1,1.5966666666666667,34.833333333333336,18.45933014354068,Under Saturated
29,D03,30,0,1.5966666666666667,36.5,17.80821917808219,Under Saturated
29,D02,32,2,1.0,35.666666666666664,19.233644859813083,Under Saturated
29,D05,28,2,1.0,38.166666666666664,35.004366812227076,Under Saturated
29,D04,27,2,1.0,37.333333333333336,36.23214285714287,Under Saturated
29,D07,30,3,1.0,39.833333333333336,36.71129707112971,Under Saturated
29,D06,30,1,1.0,39.0,27.17094017094017,Under Saturated
29,D09,33,2,1.5966666666666667,41.5,28.17670682730924,Under Saturated
29,D08,31,0,1.0,40.666666666666664,23.770491803278684,Under Saturated
30,D10,30,1,1.0,42.33333333333333,32.90551181102362,Under Saturated
30,D01,30,2,1.5966666666666667,34.833333333333336,23.04306220095695,Under Saturated
30,D03,36,0,1.5966666666666667,36.5,1.36986301369863,Under Saturated
30,D02,36,0,1.0,35.666666666666664,-0.9345794392523431,Under Saturated
30,D05,28,3,1.0,38.166666666666664,39.187772925764186,Under Saturated
30,D04,26,2,1.0,37.333333333333336,38.91071428571429,Under Saturated
30,D07,28,2,1.0,39.833333333333336,37.72384937238494,Under Saturated
30,D06,36,0,1.0,39.0,7.6923076923076925,Under Saturated
30,D09,33,1,1.5966666666666667,41.5,24.32931726907631,Under Saturated
30,D08,29,2,1.0,40.666666666666664,36.540983606557376,Under Saturated
31,D10,29,2,1.0,42.33333333333333,39.039370078740156,Under Saturated
31,D01,29,2,1.5966666666666667,34.833333333333336,25.913875598086133,Under Saturated
31,D03,29,2,1.5966666666666667,36.5,29.29680365296804,Under Saturated
31,D02,29,2,1.0,35.666666666666664,27.64485981308411,Under Saturated
31,D05,29,2,1.0,38.166666666666664,32.38427947598254,Under Saturated
31,D04,29,2,1.0,37.333333333333336,30.875000000000007,Under Saturated
31,D07,28,2,1.0,39.833333333333336,37.72384937238494,Under Saturated
31,D06,29,2,1.0,39.0,33.82905982905983,Under Saturated
31,D09,28,2,1.5966666666666667,41.5,40.22489959839358,Under Saturated
31,D08,30,3,1.0,40.666666666666664,38.00819672131147,Under Saturated
32,D10,26,3,1.0,42.33333333333333,49.897637795275585,Under Saturated
32,D01,27,2,1.5966666666666667,34.833333333333336,31.65550239234451,Under Saturated
32,D03,31,1,1.5966666666666667,36.5,19.442922374429227,Under Saturated
32,D02,24,2,1.0,35.666666666666664,41.66355140186916,Under Saturated
32,D05,25,4,1.0,38.166666666666664,51.23144104803493,Under Saturated
32,D04,24,3,1.0,37.333333333333336,48.544642857142854,Under Saturated
32,D07,25,3,1.0,39.833333333333336,49.26359832635983,Under Saturated
32,D06,30,1,1.0,39.0,27.17094017094017,Under Saturated
32,D09,28,1,1.5966666666666667,41.5,36.377510040160644,Under Saturated
32,D08,25,3,1.0,40.666666666666664,50.303278688524586,Under Saturated
33,D10,27,3,1.0,42.33333333333333,47.535433070866134,Under Saturated
33,D01,27,2,1.5966666666666667,34.833333333333336,31.65550239234451,Under Saturated
33,D03,27,2,1.5966666666666667,36.5,34.77625570776256,Under Saturated
33,D02,29,4,1.0,35.666666666666664,36.59813084112149,Under Saturated
33,D05,30,4,1.0,38.166666666666664,38.13100436681222,Under Saturated
33,D04,26,2,1.0,37.333333333333336,38.91071428571429,Under Saturated
33,D07,28,3,1.0,39.833333333333336,41.73221757322176,Under Saturated
33,D06,28,3,1.0,39.0,40.48717948717949,Under Saturated
33,D09,26,2,1.5966666666666667,41.5,45.044176706827315,Under Saturated
33,D08,26,2,1.0,40.666666666666664,43.91803278688525,Under Saturated
34,D10,9,9,1.0,42.33333333333333,112.68503937007874,Optimum
34,D01,7,1,1.5966666666666667,34.833333333333336,84.48803827751196,Under Saturated
34,D03,14,0,1.5966666666666667,36.5,61.64383561643836,Under Saturated
34,D02,4,4,1.0,35.666666666666664,106.69158878504672,Optimum
34,D05,13,13,1.0,38.166666666666664,120.32314410480349,Optimum
34,D04,2,2,1.0,37.333333333333336,103.19642857142857,Optimum
34,D07,5,5,1.0,39.833333333333336,107.48953974895397,Optimum
34,D06,10,10,1.0,39.0,115.29914529914531,Optimum
34,D09,11,1,1.5966666666666667,41.5,77.34136546184737,Under Saturated
34,D08,9,9,1.0,40.666666666666664,113.20491803278688,Optimum
35,D10,6,6,1.0,42.33333333333333,108.45669291338582,Optimum
35,D01,10,4,1.5966666666666667,34.833333333333336,89.62679425837321,Under Saturated
35,D03,15,1,1.5966666666666667,36.5,63.27853881278539,Under Saturated
35,D02,5,5,1.0,35.666666666666664,108.3644859813084,Optimum
35,D05,8,8,1.0,38.166666666666664,112.50655021834062,Optimum
35,D04,4,4,1.0,37.333333333333336,106.39285714285714,Optimum
35,D07,6,6,1.0,39.833333333333336,108.98744769874476,Optimum
35,D06,8,8,1.0,39.0,112.23931623931624,Optimum
35,D09,13,3,1.5966666666666667,41.5,80.21686746987952,Under Saturated
35,D08,6,6,1.0,40.666666666666664,108.8032786885246,Optimum
36,D10,8,8,1.0,42.33333333333333,111.2755905511811,Optimum
36,D01,10,4,1.5966666666666667,34.833333333333336,89.62679425837321,Under Saturated
36,D03,14,0,1.5966666666666667,36.5,61.64383561643836,Under Saturated
36,D02,4,4,1.0,35.666666666666664,106.69158878504672,Optimum
36,D05,9,9,1.0,38.166666666666664,114.06986899563319,Optimum
36,D04,5,5,1.0,37.333333333333336,107.99107142857143,Optimum
36,D07,4,4,1.0,39.833333333333336,105.99163179916317,Optimum
36,D06,10,10,1.0,39.0,115.29914529914531,Optimum
36,D09,11,1,1.5966666666666667,41.5,77.34136546184737,Under Saturated
36,D08,9,9,1.0,40.666666666666664,113.20491803278688,Optimum
37,D10,8,8,1.0,42.33333333333333,111.2755905511811,Optimum
37,D01,15,9,1.5966666666666667,34.833333333333336,98.1913875598086,Under Saturated
37,D03,16,1,1.5966666666666667,36.5,60.53881278538813,Under Saturated
37,D02,4,4,1.0,35.666666666666664,106.69158878504672,Optimum
37,D05,4,4,1.0,38.166666666666664,106.25327510917029,Optimum
37,D04,8,8,1.0,37.333333333333336,112.78571428571429,Optimum
37,D07,4,4,1.0,39.833333333333336,105.99163179916317,Optimum
37,D06,7,7,1.0,39.0,110.70940170940169,Optimum
37,D09,12,2,1.5966666666666667,41.5,78.77911646586347,Under Saturated
37,D08,8,8,1.0,40.666666666666664,111.73770491803279,Optimum
38,D10,5,5,1.0,42.33333333333333,107.0472440944882,Optimum
38,D01,13,7,1.5966666666666667,34.833333333333336,94.76555023923446,Under Saturated
38,D03,15,1,1.5966666666666667,36.5,63.27853881278539,Under Saturated
38,D02,6,6,1.0,35.666666666666664,110.03738317757008,Optimum
38,D05,5,5,1.0,38.166666666666664,107.81659388646287,Optimum
38,D04,6,6,1.0,37.333333333333336,109.5892857142857,Optimum
38,D07,5,5,1.0,39.833333333333336,107.48953974895397,Optimum
38,D06,9,9,1.0,39.0,113.76923076923077,Optimum
38,D09,15,5,1.5966666666666667,41.5,83.09236947791166,Under Saturated
38,D08,5,5,1.0,40.666666666666664,107.33606557377048,Optimum
39,D10,6,6,1.0,42.33333333333333,108.45669291338582,Optimum
39,D01,9,3,1.5966666666666667,34.833333333333336,87.91387559808612,Under Saturated
39,D03,16,1,1.5966666666666667,36.5,60.53881278538813,Under Saturated
39,D02,5,5,1.0,35.666666666666664,108.3644859813084,Optimum
39,D05,8,8,1.0,38.166666666666664,112.50655021834062,Optimum
39,D04,6,6,1.0,37.333333333333336,109.5892857142857,Optimum
39,D07,6,6,1.0,39.833333333333336,108.98744769874476,Optimum
39,D06,6,6,1.0,39.0,109.17948717948718,Optimum
39,D09,14,4,1.5966666666666667,41.5,81.6546184738956,Under Saturated
39,D08,6,6,1.0,40.666666666666664,108.8032786885246,Optimum
40,D10,30,1,1.0,42.33333333333333,32.90551181102362,Under Saturated
40,D01,29,1,1.5966666666666667,34.833333333333336,21.330143540669862,Under Saturated
40,D03,36,0,1.5966666666666667,36.5,1.36986301369863,Under Saturated
40,D02,36,0,1.0,35.666666666666664,-0.9345794392523431,Under Saturated
40,D05,28,3,1.0,38.166666666666664,39.187772925764186,Under Saturated
40,D04,27,3,1.0,37.333333333333336,40.50892857142857,Under Saturated
40,D07,29,3,1.0,39.833333333333336,39.22175732217573,Under Saturated
40,D06,36,0,1.0,39.0,7.6923076923076925,Under Saturated
40,D09,33,1,1.5966666666666667,41.5,24.32931726907631,Under Saturated
40,D08,28,2,1.0,40.666666666666664,39.0,Under Saturated
41,D10,31,2,1.0,42.33333333333333,34.31496062992126,Under Saturated
41,D01,31,2,1.5966666666666667,34.833333333333336,20.17224880382776,Under Saturated
41,D03,31,2,1.5966666666666667,36.5,23.81735159817352,Under Saturated
41,D02,32,2,1.0,35.666666666666664,19.233644859813083,Under Saturated
41,D05,28,2,1.0,38.166666666666664,35.004366812227076,Under Saturated
41,D04,27,3,1.0,37.333333333333336,40.50892857142857,Under Saturated
41,D07,32,2,1.0,39.833333333333336,27.682008368200844,Under Saturated
41,D06,31,2,1.0,39.0,28.700854700854705,Under Saturated
41,D09,32,2,1.5966666666666667,41.5,30.586345381526108,Under Saturated
41,D08,31,2,1.0,40.666666666666664,31.62295081967213,Under Saturated
42,D10,30,2,1.0,42.33333333333333,36.677165354330704,Under Saturated
42,D01,31,2,1.5966666666666667,34.833333333333336,20.17224880382776,Under Saturated
42,D03,31,2,1.5966666666666667,36.5,23.81735159817352,Under Saturated
42,D02,31,2,1.0,35.666666666666664,22.037383177570096,Under Saturated
42,D05,30,2,1.0,38.166666666666664,29.764192139737993,Under Saturated
42,D04,31,2,1.0,37.333333333333336,25.517857142857153,Under Saturated
42,D07,30,1,1.0,39.833333333333336,28.694560669456077,Under Saturated
42,D06,30,2,1.0,39.0,31.26495726495727,Under Saturated
42,D09,31,2,1.5966666666666667,41.5,32.99598393574298,Under Saturated
42,D08,30,1,1.0,40.666666666666664,30.155737704918028,Under Saturated
43,D10,21,3,1.0,42.33333333333333,61.70866141732283,Under Saturated
43,D01,23,4,1.5966666666666667,34.833333333333336,52.30622009569378,Under Saturated
43,D03,27,3,1.5966666666666667,36.5,39.150684931506845,Under Saturated
43,D02,26,3,1.0,35.666666666666664,40.53271028037383,Under Saturated
43,D05,21,5,1.0,38.166666666666664,65.8951965065502,Under Saturated
43,D04,19,3,1.0,37.333333333333336,61.9375,Under Saturated
43,D07,19,3,1.0,39.833333333333336,64.32635983263599,Under Saturated
43,D06,27,3,1.0,39.0,43.051282051282044,Under Saturated
43,D09,24,3,1.5966666666666667,41.5,53.71084337349398,Under Saturated
43,D08,22,5,1.0,40.666666666666664,65.5327868852459,Under Saturated
44,D10,36,0,1.0,42.33333333333333,14.960629921259832,Under Saturated
44,D01,36,0,1.5966666666666667,34.833333333333336,-3.3492822966507108,Under Saturated
44,D03,35,0,1.5966666666666667,36.5,4.10958904109589,Under Saturated
44,D02,35,0,1.0,35.666666666666664,1.8691588785046664,Under Saturated
44,D05,36,0,1.0,38.166666666666664,5.676855895196501,Under Saturated
44,D04,36,0,1.0,37.333333333333336,3.5714285714285774,Under Saturated
44,D07,36,0,1.0,39.833333333333336,9.623430962343102,Under Saturated
44,D06,34,0,1.0,39.0,12.82051282051282,Under Saturated
44,D09,36,0,1.5966666666666667,41.5,13.253012048192772,Under Saturated
44,D08,36,0,1.0,40.666666666666664,11.475409836065568,Under Saturated
45,D10,7,7,1.0,42.33333333333333,109.86614173228347,Optimum
45,D01,10,4,1.5966666666666667,34.833333333333336,89.62679425837321,Under Saturated
45,D03,15,1,1.5966666666666667,36.5,63.27853881278539,Under Saturated
45,D02,5,5,1.0,35.666666666666664,108.3644859813084,Optimum
45,D05,8,8,1.0,38.166666666666664,112.50655021834062,Optimum
45,D04,7,7,1.0,37.333333333333336,111.18750000000001,Optimum
45,D07,5,5,1.0,39.833333333333336,107.48953974895397,Optimum
45,D06,7,7,1.0,39.0,110.70940170940169,Optimum
45,D09,13,3,1.5966666666666667,41.5,80.21686746987952,Under Saturated
45,D08,7,7,1.0,40.666666666666664,110.2704918032787,Optimum
46,D10,18,8,1.0,42.33333333333333,87.65354330708661,Under Saturated
46,D01,14,3,1.5966666666666667,34.833333333333336,73.5598086124402,Under Saturated
46,D03,27,4,1.5966666666666667,36.5,43.525114155251146,Under Saturated
46,D02,17,4,1.0,35.666666666666664,70.24299065420561,Under Saturated
46,D05,15,10,1.0,38.166666666666664,102.53275109170306,Under Saturated
46,D04,9,5,1.0,37.333333333333336,97.27678571428572,Under Saturated
46,D07,12,6,1.0,39.833333333333336,93.92468619246863,Under Saturated
46,D06,22,5,1.0,39.0,64.05982905982907,Under Saturated
46,D09,18,2,1.5966666666666667,41.5,64.32128514056225,Under Saturated
46,D08,15,8,1.0,40.666666666666664,94.52459016393443,Under Saturated
47,D10,26,3,1.0,42.33333333333333,49.897637795275585,Under Saturated
47,D01,25,2,1.5966666666666667,34.833333333333336,37.39712918660288,Under Saturated
47,D03,25,2,1.5966666666666667,36.5,40.25570776255708,Under Saturated
47,D02,26,2,1.0,35.666666666666664,36.05607476635514,Under Saturated
47,D05,22,3,1.0,38.166666666666664,54.90829694323144,Under Saturated
47,D04,22,3,1.0,37.333333333333336,53.90178571428571,Under Saturated
47,D07,23,3,1.0,39.833333333333336,54.28451882845189,Under Saturated
47,D06,25,2,1.0,39.0,44.08547008547009,Under Saturated
47,D09,26,3,1.5966666666666667,41.5,48.891566265060234,Under Saturated
47,D08,26,3,1.0,40.666666666666664,47.84426229508196,Under Saturated
48,D10,25,5,1.0,42.33333333333333,59.80314960629921,Under Saturated
48,D01,25,4,1.5966666666666667,34.833333333333336,46.56459330143541,Under Saturated
48,D03,29,2,1.5966666666666667,36.5,29.29680365296804,Under Saturated
48,D02,23,3,1.0,35.666666666666664,48.943925233644855,Under Saturated
48,D05,22,4,1.0,38.166666666666664,59.09170305676855,Under Saturated
48,D04,20,2,1.0,37.333333333333336,54.98214285714287,Under Saturated
48,D07,23,4,1.0,39.833333333333336,58.29288702928871,Under Saturated
48,D06,25,3,1.0,39.0,48.17948717948718,Under Saturated
48,D09,25,1,1.5966666666666667,41.5,43.606425702811244,Under Saturated
48,D08,23,4,1.0,40.666666666666664,59.14754098360655,Under Saturated
49,D10,25,4,1.0,42.33333333333333,56.031496062992126,Under Saturated
49,D01,20,5,1.5966666666666667,34.833333333333336,65.50239234449762,Under Saturated
49,D03,25,4,1.5966666666666667,36.5,49.00456621004567,Under Saturated
49,D02,23,4,1.0,35.666666666666664,53.42056074766355,Under Saturated
49,D05,19,7,1.0,38.166666666666664,79.50218340611353,Under Saturated
49,D04,17,8,1.0,37.333333333333336,88.67857142857143,Under Saturated
49,D07,20,7,1.0,39.833333333333336,77.84937238493724,Under Saturated
49,D06,25,3,1.0,39.0,48.17948717948718,Under Saturated
49,D09,25,5,1.5966666666666667,41.5,58.99598393574298,Under Saturated
49,D08,18,5,1.0,40.666666666666664,75.3688524590164,Under Saturated
50,D10,33,2,1.0,41.33333333333333,27.887096774193544,Under Saturated
50,D01,32,1,1.5966666666666667,33.833333333333336,10.137931034482769,Under Saturated
50,D03,32,1,1.5966666666666667,35.5,14.356807511737092,Under Saturated
50,D02,32,1,1.0,34.666666666666664,12.29807692307692,Under Saturated
50,D05,32,1,1.0,37.166666666666664,18.197309417040355,Under Saturated
50,D04,32,1,1.0,36.333333333333336,16.3211009174312,Under Saturated
50,D07,33,2,1.0,38.833333333333336,23.244635193133057,Under Saturated
50,D06,33,2,1.0,38.0,21.561403508771935,Under Saturated
50,D09,32,1,1.5966666666666667,40.5,24.930041152263378,Under Saturated
50,D08,32,1,1.0,39.666666666666664,23.352941176470583,Under Saturated
51,D10,29,1,1.0,41.33333333333333,33.7016129032258,Under Saturated
51,D01,29,2,1.5966666666666667,33.833333333333336,23.724137931034495,Under Saturated
51,D03,35,0,1.5966666666666667,35.5,1.4084507042253522,Under Saturated
51,D02,35,1,1.0,34.666666666666664,3.644230769230755,Under Saturated
51,D05,27,3,1.0,37.166666666666664,40.242152466367706,Under Saturated
51,D04,25,2,1.0,36.333333333333336,39.9816513761468,Under Saturated
51,D07,27,2,1.0,38.833333333333336,38.695278969957094,Under Saturated
51,D06,35,0,1.0,38.0,7.894736842105263,Under Saturated
51,D09,32,1,1.5966666666666667,40.5,24.930041152263378,Under Saturated
51,D08,28,2,1.0,39.666666666666664,37.46218487394958,Under Saturated
52,D10,35,0,1.0,41.33333333333333,15.32258064516128,Under Saturated
52,D01,34,1,1.5966666666666667,33.833333333333336,4.2266009852216735,Under Saturated
52,D03,35,0,1.5966666666666667,35.5,1.4084507042253522,Under Saturated
52,D02,35,0,1.0,34.666666666666664,-0.9615384615384683,Under Saturated
52,D05,31,1,1.0,37.166666666666664,20.88789237668161,Under Saturated
52,D04,31,2,1.0,36.333333333333336,23.467889908256893,Under Saturated
52,D07,35,1,1.0,38.833333333333336,13.98283261802575,Under Saturated
52,D06,35,0,1.0,38.0,7.894736842105263,Under Saturated
52,D09,35,0,1.5966666666666667,40.5,13.580246913580247,Under Saturated
52,D08,35,1,1.0,39.666666666666664,15.789915966386541,Under Saturated
53,D10,33,2,1.0,41.33333333333333,27.887096774193544,Under Saturated
53,D01,32,2,1.5966666666666667,33.833333333333336,14.857142857142868,Under Saturated
53,D03,33,2,1.5966666666666667,35.5,16.037558685446015,Under Saturated
53,D02,31,2,1.0,34.666666666666664,19.788461538461537,Under Saturated
53,D05,32,2,1.0,37.166666666666664,22.493273542600896,Under Saturated
53,D04,32,2,1.0,36.333333333333336,20.71559633027524,Under Saturated
53,D07,33,2,1.0,38.833333333333336,23.244635193133057,Under Saturated
53,D06,32,2,1.0,38.0,24.192982456140356,Under Saturated
53,D09,32,2,1.5966666666666667,40.5,28.8724279835391,Under Saturated
53,D08,32,2,1.0,39.666666666666664,27.378151260504204,Under Saturated
54,D10,30,2,1.0,41.33333333333333,35.14516129032258,Under Saturated
54,D01,29,2,1.5966666666666667,33.833333333333336,23.724137931034495,Under Saturated
54,D03,29,2,1.5966666666666667,35.5,27.30516431924883,Under Saturated
54,D02,30,3,1.0,34.666666666666664,27.278846153846146,Under Saturated
54,D05,30,2,1.0,37.166666666666664,27.87443946188341,Under Saturated
54,D04,30,2,1.0,36.333333333333336,26.22018348623854,Under Saturated
54,D07,30,2,1.0,38.833333333333336,30.969957081545076,Under Saturated
54,D06,30,2,1.0,38.0,29.456140350877195,Under Saturated
54,D09,28,1,1.5966666666666667,40.5,34.80658436213992,Under Saturated
54,D08,30,2,1.0,39.666666666666664,32.42016806722689,Under Saturated
55,D10,26,3,1.0,41.33333333333333,48.68548387096773,Under Saturated
55,D01,26,0,1.5966666666666667,33.833333333333336,23.152709359605915,Under Saturated
55,D03,32,1,1.5966666666666667,35.5,14.356807511737092,Under Saturated
55,D02,25,2,1.0,34.666666666666664,37.09615384615385,Under Saturated
55,D05,27,4,1.0,37.166666666666664,44.538116591928244,Under Saturated
55,D04,24,1,1.0,36.333333333333336,38.33944954128441,Under Saturated
55,D07,26,3,1.0,38.833333333333336,45.38197424892704,Under Saturated
55,D06,27,1,1.0,38.0,33.14912280701755,Under Saturated
55,D09,28,0,1.5966666666666667,40.5,30.864197530864196,Under Saturated
55,D08,24,1,1.0,39.666666666666664,43.52100840336134,Under Saturated
56,D10,32,1,1.0,41.33333333333333,26.443548387096765,Under Saturated
56,D01,31,1,1.5966666666666667,33.833333333333336,13.09359605911331,Under Saturated
56,D03,32,1,1.5966666666666667,35.5,14.356807511737092,Under Saturated
56,D02,32,1,1.0,34.666666666666664,12.29807692307692,Under Saturated
56,D05,30,1,1.0,37.166666666666664,23.578475336322867,Under Saturated
56,D04,31,1,1.0,36.333333333333336,19.073394495412852,Under Saturated
56,D07,31,2,1.0,38.833333333333336,28.394849785407732,Under Saturated
56,D06,33,2,1.0,38.0,21.561403508771935,Under Saturated
56,D09,32,2,1.5966666666666667,40.5,28.8724279835391,Under Saturated
56,D08,33,3,1.0,39.666666666666664,28.882352941176464,Under Saturated
57,D10,25,3,1.0,41.33333333333333,51.104838709677416,Under Saturated
57,D01,26,4,1.5966666666666667,33.833333333333336,42.029556650246306,Under Saturated
57,D03,35,1,1.5966666666666667,35.5,5.906103286384969,Under Saturated
57,D02,27,1,1.0,34.666666666666664,26.721153846153843,Under Saturated
57,D05,24,5,1.0,37.166666666666664,56.90582959641256,Under Saturated
57,D04,22,4,1.0,36.333333333333336,57.027522935779814,Under Saturated
57,D07,24,3,1.0,38.833333333333336,50.532188841201716,Under Saturated
57,D06,35,0,1.0,38.0,7.894736842105263,Under Saturated
57,D09,29,2,1.5966666666666667,40.5,36.27983539094651,Under Saturated
57,D08,25,4,1.0,39.666666666666664,53.07563025210084,Under Saturated
58,D10,35,0,1.0,41.33333333333333,15.32258064516128,Under Saturated
58,D01,35,0,1.5966666666666667,33.833333333333336,-3.4482758620689586,Under Saturated
58,D03,35,0,1.5966666666666667,35.5,1.4084507042253522,Under Saturated
58,D02,35,0,1.0,34.666666666666664,-0.9615384615384683,Under Saturated
58,D05,35,0,1.0,37.166666666666664,5.8295964125560475,Under Saturated
58,D04,35,0,1.0,36.333333333333336,3.6697247706422083,Under Saturated
58,D07,35,0,1.0,38.833333333333336,9.871244635193138,Under Saturated
58,D06,35,0,1.0,38.0,7.894736842105263,Under Saturated
58,D09,35,0,1.5966666666666667,40.5,13.580246913580247,Under Saturated
58,D08,35,0,1.0,39.666666666666664,11.764705882352935,Under Saturated
59,D10,25,4,1.0,41.33333333333333,54.96774193548387,Under Saturated
59,D01,24,3,1.5966666666666667,33.833333333333336,43.221674876847295,Under Saturated
59,D03,28,2,1.5966666666666667,35.5,30.12206572769954,Under Saturated
59,D02,23,2,1.0,34.666666666666664,42.86538461538461,Under Saturated
59,D05,20,3,1.0,37.166666666666664,59.076233183856495,Under Saturated
59,D04,22,5,1.0,36.333333333333336,61.422018348623865,Under Saturated
59,D07,23,5,1.0,38.833333333333336,61.3304721030043,Under Saturated
59,D06,26,3,1.0,38.0,44.18421052631579,Under Saturated
59,D09,26,2,1.5966666666666667,40.5,43.687242798353914,Under Saturated
59,D08,22,3,1.0,39.666666666666664,56.61344537815125,Under Saturated
60,D10,35,0,1.0,41.33333333333333,15.32258064516128,Under Saturated
60,D01,33,1,1.5966666666666667,33.833333333333336,7.182266009852226,Under Saturated
60,D03,35,0,1.5966666666666667,35.5,1.4084507042253522,Under Saturated
60,D02,35,0,1.0,34.666666666666664,-0.9615384615384683,Under Saturated
60,D05,29,1,1.0,37.166666666666664,26.269058295964122,Under Saturated
60,D04,29,1,1.0,36.333333333333336,24.577981651376156,Under Saturated
60,D07,31,1,1.0,38.833333333333336,24.283261802575115,Under Saturated
60,D06,35,0,1.0,38.0,7.894736842105263,Under Saturated
60,D09,35,0,1.5966666666666667,40.5,13.580246913580247,Under Saturated
60,D08,35,0,1.0,39.666666666666664,11.764705882352935,Under Saturated
61,D10,32,1,1.0,41.33333333333333,26.443548387096765,Under Saturated
61,D01,31,2,1.5966666666666667,33.833333333333336,17.81280788177341,Under Saturated
61,D03,33,1,1.5966666666666667,35.5,11.539906103286388,Under Saturated
61,D02,32,1,1.0,34.666666666666664,12.29807692307692,Under Saturated
61,D05,30,1,1.0,37.166666666666664,23.578475336322867,Under Saturated
61,D04,31,2,1.0,36.333333333333336,23.467889908256893,Under Saturated
61,D07,31,1,1.0,38.833333333333336,24.283261802575115,Under Saturated
61,D06,33,1,1.0,38.0,17.35964912280702,Under Saturated
61,D09,32,2,1.5966666666666667,40.5,28.8724279835391,Under Saturated
61,D08,33,3,1.0,39.666666666666664,28.882352941176464,Under Saturated
62,D10,35,0,1.0,41.33333333333333,15.32258064516128,Under Saturated
62,D01,35,0,1.5966666666666667,33.833333333333336,-3.4482758620689586,Under Saturated
62,D03,35,0,1.5966666666666667,35.5,1.4084507042253522,Under Saturated
62,D02,35,0,1.0,34.666666666666664,-0.9615384615384683,Under Saturated
62,D05,35,0,1.0,37.166666666666664,5.8295964125560475,Under Saturated
62,D04,35,1,1.0,36.333333333333336,8.064220183486237,Under Saturated
62,D07,35,0,1.0,38.833333333333336,9.871244635193138,Under Saturated
62,D06,35,0,1.0,38.0,7.894736842105263,Under Saturated
62,D09,35,0,1.5966666666666667,40.5,13.580246913580247,Under Saturated
62,D08,35,0,1.0,39.666666666666664,11.764705882352935,Under Saturated
63,D10,29,3,1.0,41.33333333333333,41.427419354838705,Under Saturated
63,D01,27,2,1.5966666666666667,33.833333333333336,29.635467980295576,Under Saturated
63,D03,32,2,1.5966666666666667,35.5,18.85446009389672,Under Saturated
63,D02,32,2,1.0,34.666666666666664,16.903846153846153,Under Saturated
63,D05,26,4,1.0,37.166666666666664,47.228699551569505,Under Saturated
63,D04,23,2,1.0,36.333333333333336,45.4862385321101,Under Saturated
63,D07,26,3,1.0,38.833333333333336,45.38197424892704,Under Saturated
63,D06,35,1,1.0,38.0,12.096491228070168,Under Saturated
63,D09,29,3,1.5966666666666667,40.5,40.22222222222222,Under Saturated
63,D08,27,3,1.0,39.666666666666664,44.008403361344534,Under Saturated
64,D10,30,1,1.0,41.33333333333333,31.28225806451612,Under Saturated
64,D01,34,1,1.5966666666666667,33.833333333333336,4.2266009852216735,Under Saturated
64,D03,34,1,1.5966666666666667,35.5,8.723004694835673,Under Saturated
64,D02,31,1,1.0,34.666666666666664,15.182692307692305,Under Saturated
64,D05,31,1,1.0,37.166666666666664,20.88789237668161,Under Saturated
64,D04,31,2,1.0,36.333333333333336,23.467889908256893,Under Saturated
64,D07,30,1,1.0,38.833333333333336,26.858369098712455,Under Saturated
64,D06,30,1,1.0,38.0,25.254385964912284,Under Saturated
64,D09,34,1,1.5966666666666667,40.5,19.9917695473251,Under Saturated
64,D08,31,1,1.0,39.666666666666664,25.87394957983193,Under Saturated
65,D10,28,4,1.0,41.33333333333333,47.70967741935483,Under Saturated
65,D01,24,3,1.5966666666666667,33.833333333333336,43.221674876847295,Under Saturated
65,D03,31,2,1.5966666666666667,35.5,21.671361502347423,Under Saturated
65,D02,26,2,1.0,34.666666666666664,34.21153846153846,Under Saturated
65,D05,26,5,1.0,37.166666666666664,51.52466367713004,Under Saturated
65,D04,22,2,1.0,36.333333333333336,48.238532110091754,Under Saturated
65,D07,25,3,1.0,38.833333333333336,47.957081545064376,Under Saturated
65,D06,28,2,1.0,38.0,34.71929824561404,Under Saturated
65,D09,26,1,1.5966666666666667,40.5,39.74485596707819,Under Saturated
65,D08,27,4,1.0,39.666666666666664,48.03361344537815,Under Saturated
66,D10,14,7,1.0,41.33333333333333,93.16935483870967,Under Saturated
66,D01,17,4,1.5966666666666667,33.833333333333336,68.63054187192118,Under Saturated
66,D03,19,4,1.5966666666666667,35.5,64.46948356807512,Under Saturated
66,D02,12,4,1.0,34.666666666666664,83.8076923076923,Under Saturated
66,D05,14,6,1.0,37.166666666666664,88.10762331838563,Under Saturated
66,D04,16,7,1.0,36.333333333333336,86.72477064220183,Under Saturated
66,D07,15,6,1.0,38.833333333333336,86.04291845493563,Under Saturated
66,D06,13,5,1.0,38.0,86.79824561403508,Under Saturated
66,D09,19,4,1.5966666666666667,40.5,68.8559670781893,Under Saturated
66,D08,12,4,1.0,39.666666666666664,85.84873949579831,Under Saturated
67,D10,25,4,1.0,42.33333333333333,56.031496062992126,Under Saturated
67,D01,24,2,1.5966666666666667,34.833333333333336,40.26794258373207,Under Saturated
67,D03,32,2,1.5966666666666667,36.5,21.07762557077626,Under Saturated
67,D02,25,3,1.0,35.666666666666664,43.336448598130836,Under Saturated
67,D05,24,5,1.0,38.166666666666664,58.03493449781659,Under Saturated
67,D04,23,4,1.0,37.333333333333336,55.50000000000001,Under Saturated
67,D07,24,4,1.0,39.833333333333336,55.78242677824268,Under Saturated
67,D06,29,2,1.0,39.0,33.82905982905983,Under Saturated
67,D09,27,2,1.5966666666666667,41.5,42.634538152610446,Under Saturated
67,D08,24,3,1.0,40.666666666666664,52.7622950819672,Under Saturated
68,D10,22,8,1.0,42.33333333333333,78.20472440944881,Under Saturated
68,D01,21,2,1.5966666666666667,34.833333333333336,48.88038277511962,Under Saturated
68,D03,21,1,1.5966666666666667,36.5,46.84018264840183,Under Saturated
68,D02,15,2,1.0,35.666666666666664,66.89719626168224,Under Saturated
68,D05,22,6,1.0,38.166666666666664,67.45851528384279,Under Saturated
68,D04,19,2,1.0,37.333333333333336,57.6607142857143,Under Saturated
68,D07,16,1,1.0,39.833333333333336,63.84100418410043,Under Saturated
68,D06,19,6,1.0,39.0,75.84615384615384,Under Saturated
68,D09,19,0,1.5966666666666667,41.5,54.21686746987952,Under Saturated
68,D08,22,7,1.0,40.666666666666664,73.38524590163934,Under Saturated
69,D10,7,7,1.0,42.33333333333333,109.86614173228347,Optimum
69,D01,13,6,1.5966666666666667,34.833333333333336,90.18181818181817,Under Saturated
69,D03,18,3,1.5966666666666667,36.5,63.80821917808219,Under Saturated
69,D02,5,5,1.0,35.666666666666664,108.3644859813084,Optimum
69,D05,8,6,1.0,38.166666666666664,104.13973799126637,Under Saturated
69,D04,8,7,1.0,37.333333333333336,108.50892857142857,Under Saturated
69,D07,5,5,1.0,39.833333333333336,107.48953974895397,Optimum
69,D06,7,7,1.0,39.0,110.70940170940169,Optimum
69,D09,13,3,1.5966666666666667,41.5,80.21686746987952,Under Saturated
69,D08,10,9,1.0,40.666666666666664,110.74590163934425,Under Saturated
70,D10,10,8,1.0,42.33333333333333,106.55118110236221,Under Saturated
70,D01,14,8,1.5966666666666667,34.833333333333336,96.47846889952153,Under Saturated
70,D03,22,5,1.5966666666666667,36.5,61.598173515981735,Under Saturated
70,D02,8,5,1.0,35.666666666666664,99.95327102803738,Under Saturated
70,D05,5,5,1.0,38.166666666666664,107.81659388646287,Optimum
70,D04,7,7,1.0,37.333333333333336,111.18750000000001,Optimum
70,D07,6,6,1.0,39.833333333333336,108.98744769874476,Optimum
70,D06,12,7,1.0,39.0,97.88888888888889,Under Saturated
70,D09,16,5,1.5966666666666667,41.5,80.68273092369478,Under Saturated
70,D08,9,8,1.0,40.666666666666664,109.27868852459017,Under Saturated
71,D10,30,2,1.0,42.33333333333333,36.677165354330704,Under Saturated
71,D01,31,3,1.5966666666666667,34.833333333333336,24.755980861244023,Under Saturated
71,D03,30,3,1.5966666666666667,36.5,30.931506849315067,Under Saturated
71,D02,31,3,1.0,35.666666666666664,26.514018691588774,Under Saturated
71,D05,26,3,1.0,38.166666666666664,44.42794759825327,Under Saturated
71,D04,26,4,1.0,37.333333333333336,47.46428571428572,Under Saturated
71,D07,30,3,1.0,39.833333333333336,36.71129707112971,Under Saturated
71,D06,30,3,1.0,39.0,35.35897435897436,Under Saturated
71,D09,30,2,1.5966666666666667,41.5,35.40562248995984,Under Saturated
71,D08,31,3,1.0,40.666666666666664,35.54918032786885,Under Saturated
72,D10,4,4,1.0,42.33333333333333,105.63779527559056,Optimum
72,D01,12,6,1.5966666666666667,34.833333333333336,93.05263157894737,Under Saturated
72,D03,16,2,1.5966666666666667,36.5,64.91324200913242,Under Saturated
72,D02,6,6,1.0,35.666666666666664,110.03738317757008,Optimum
72,D05,7,7,1.0,38.166666666666664,110.94323144104806,Optimum
72,D04,6,6,1.0,37.333333333333336,109.5892857142857,Optimum
72,D07,5,5,1.0,39.833333333333336,107.48953974895397,Optimum
72,D06,7,7,1.0,39.0,110.70940170940169,Optimum
72,D09,15,5,1.5966666666666667,41.5,83.09236947791166,Under Saturated
72,D08,6,6,1.0,40.666666666666664,108.8032786885246,Optimum
73,D10,7,7,1.0,42.33333333333333,109.86614173228347,Optimum
73,D01,11,5,1.5966666666666667,34.833333333333336,91.33971291866028,Under Saturated
73,D03,15,1,1.5966666666666667,36.5,63.27853881278539,Under Saturated
73,D02,5,5,1.0,35.666666666666664,108.3644859813084,Optimum
73,D05,6,6,1.0,38.166666666666664,109.37991266375546,Optimum
73,D04,9,8,1.0,37.333333333333336,110.10714285714285,Under Saturated
73,D07,7,7,1.0,39.833333333333336,110.48535564853556,Optimum
73,D06,8,8,1.0,39.0,112.23931623931624,Optimum
73,D09,14,4,1.5966666666666667,41.5,81.6546184738956,Under Saturated
73,D08,5,5,1.0,40.666666666666664,107.33606557377048,Optimum
74,D10,6,6,1.0,42.33333333333333,108.45669291338582,Optimum
74,D01,11,5,1.5966666666666667,34.833333333333336,91.33971291866028,Under Saturated
74,D03,16,2,1.5966666666666667,36.5,64.91324200913242,Under Saturated
74,D02,4,4,1.0,35.666666666666664,106.69158878504672,Optimum
74,D05,6,6,1.0,38.166666666666664,109.37991266375546,Optimum
74,D04,6,6,1.0,37.333333333333336,109.5892857142857,Optimum
74,D07,5,5,1.0,39.833333333333336,107.48953974895397,Optimum
74,D06,7,7,1.0,39.0,110.70940170940169,Optimum
74,D09,13,3,1.5966666666666667,41.5,80.21686746987952,Under Saturated
74,D08,8,8,1.0,40.666666666666664,111.73770491803279,Optimum
75,D10,10,10,1.0,42.33333333333333,114.09448818897638,Optimum
75,D01,6,0,1.5966666666666667,34.833333333333336,82.77511961722487,Under Saturated
75,D03,17,2,1.5966666666666667,36.5,62.173515981735164,Under Saturated
75,D02,3,3,1.0,35.666666666666664,105.01869158878505,Optimum
75,D05,12,12,1.0,38.166666666666664,118.75982532751092,Optimum
75,D04,5,5,1.0,37.333333333333336,107.99107142857143,Optimum
75,D07,10,10,1.0,39.833333333333336,114.97907949790796,Optimum
75,D06,6,6,1.0,39.0,109.17948717948718,Optimum
75,D09,11,1,1.5966666666666667,41.5,77.34136546184737,Under Saturated
75,D08,5,5,1.0,40.666666666666664,107.33606557377048,Optimum
76,D10,9,9,1.0,42.33333333333333,112.68503937007874,Optimum
76,D01,10,4,1.5966666666666667,34.833333333333336,89.62679425837321,Under Saturated
76,D03,18,3,1.5966666666666667,36.5,63.80821917808219,Under Saturated
76,D02,3,3,1.0,35.666666666666664,105.01869158878505,Optimum
76,D05,6,6,1.0,38.166666666666664,109.37991266375546,Optimum
76,D04,9,9,1.0,37.333333333333336,114.38392857142856,Optimum
76,D07,9,9,1.0,39.833333333333336,113.48117154811715,Optimum
76,D06,7,7,1.0,39.0,110.70940170940169,Optimum
76,D09,12,2,1.5966666666666667,41.5,78.77911646586347,Under Saturated
76,D08,5,5,1.0,40.666666666666664,107.33606557377048,Optimum
77,D10,25,4,1.0,42.33333333333333,56.031496062992126,Under Saturated
77,D01,25,2,1.5966666666666667,34.833333333333336,37.39712918660288,Under Saturated
77,D03,32,2,1.5966666666666667,36.5,21.07762557077626,Under Saturated
77,D02,25,3,1.0,35.666666666666664,43.336448598130836,Under Saturated
77,D05,24,5,1.0,38.166666666666664,58.03493449781659,Under Saturated
77,D04,23,4,1.0,37.333333333333336,55.50000000000001,Under Saturated
77,D07,26,6,1.0,39.833333333333336,58.77824267782427,Under Saturated
77,D06,31,2,1.0,39.0,28.700854700854705,Under Saturated
77,D09,28,2,1.5966666666666667,41.5,40.22489959839358,Under Saturated
77,D08,22,2,1.0,40.666666666666664,53.754098360655746,Under Saturated
78,D10,25,5,1.0,42.33333333333333,59.80314960629921,Under Saturated
78,D01,22,3,1.5966666666666667,34.833333333333336,50.5933014354067,Under Saturated
78,D03,31,3,1.5966666666666667,36.5,28.191780821917806,Under Saturated
78,D02,30,2,1.0,35.666666666666664,24.841121495327105,Under Saturated
78,D05,24,8,1.0,38.166666666666664,70.58515283842794,Under Saturated
78,D04,18,4,1.0,37.333333333333336,68.89285714285714,Under Saturated
78,D07,24,6,1.0,39.833333333333336,63.79916317991632,Under Saturated
78,D06,29,2,1.0,39.0,33.82905982905983,Under Saturated
78,D09,27,3,1.5966666666666667,41.5,46.48192771084337,Under Saturated
78,D08,22,5,1.0,40.666666666666664,65.5327868852459,Under Saturated
79,D10,34,1,1.0,42.33333333333333,23.45669291338581,Under Saturated
79,D01,32,2,1.5966666666666667,34.833333333333336,17.301435406698577,Under Saturated
79,D03,34,1,1.5966666666666667,36.5,11.223744292237434,Under Saturated
79,D02,35,1,1.0,35.666666666666664,6.34579439252335,Under Saturated
79,D05,29,2,1.0,38.166666666666664,32.38427947598254,Under Saturated
79,D04,28,2,1.0,37.333333333333336,33.55357142857144,Under Saturated
79,D07,30,2,1.0,39.833333333333336,32.702928870292894,Under Saturated
79,D06,36,0,1.0,39.0,7.6923076923076925,Under Saturated
79,D09,34,1,1.5966666666666667,41.5,21.91967871485943,Under Saturated
79,D08,35,1,1.0,40.666666666666664,17.860655737704906,Under Saturated
80,D10,34,0,1.0,42.33333333333333,19.68503937007873,Under Saturated
80,D01,36,0,1.5966666666666667,34.833333333333336,-3.3492822966507108,Under Saturated
80,D03,35,1,1.5966666666666667,36.5,8.484018264840175,Under Saturated
80,D02,35,1,1.0,35.666666666666664,6.34579439252335,Under Saturated
80,D05,36,0,1.0,38.166666666666664,5.676855895196501,Under Saturated
80,D04,36,0,1.0,37.333333333333336,3.5714285714285774,Under Saturated
80,D07,36,0,1.0,39.833333333333336,9.623430962343102,Under Saturated
80,D06,34,1,1.0,39.0,16.914529914529908,Under Saturated
80,D09,35,0,1.5966666666666667,41.5,15.66265060240964,Under Saturated
80,D08,35,0,1.0,40.666666666666664,13.934426229508192,Under Saturated