1,D01,35.2000000000000000,0.30000000000000000000,34.8333333333333360,1.3965000000000000,0.15009569377991204000
1,D02,35.5000000000000000,0.40000000000000000000,35.6666666666666640,1.3965000000000000,2.0334579439252288
1,D03,35.6000000000000000,0.40000000000000000000,36.5000000000000000,1.3965000000000000,3.9961643835616453
1,D04,33.9000000000000000,1.00000000000000000000,37.3333333333333360,1.3965000000000000,12.9370535714285765
1,D05,34.2000000000000000,0.70000000000000000000,38.1666666666666640,1.3965000000000000,12.9542794759825285
1,D06,35.6000000000000000,0.40000000000000000000,39.0000000000000000,1.3965000000000000,10.1502564102564118
1,D07,35.5000000000000000,0.40000000000000000000,39.8333333333333360,1.3965000000000000,12.2810041841004244
1,D08,35.3000000000000000,0.40000000000000000000,40.6666666666666640,1.3965000000000000,14.5703278688524548
1,D09,35.6000000000000000,0.40000000000000000000,41.5000000000000000,1.3965000000000000,15.5628915662650621
1,D10,35.5000000000000000,0.40000000000000000000,42.3333333333333300,1.3965000000000000,17.4612598425196764
2,D01,34.1000000000000000,0.90000000000000000000,34.8333333333333360,1.3965000000000000,5.7134449760765658
2,D02,35.0000000000000000,0.60000000000000000000,35.6666666666666640,1.3965000000000000,4.2184112149532650
2,D03,35.0000000000000000,0.70000000000000000000,36.5000000000000000,1.3965000000000000,6.7878082191780824
2,D04,32.9000000000000000,1.4000000000000000,37.3333333333333360,1.3965000000000000,17.1118750000000053
2,D05,32.9000000000000000,1.00000000000000000000,38.1666666666666640,1.3965000000000000,17.4580786026200837
2,D06,35.2000000000000000,0.60000000000000000000,39.0000000000000000,1.3965000000000000,11.8920512820512826
2,D07,33.7000000000000000,0.90000000000000000000,39.8333333333333360,1.3965000000000000,18.5527615062761566
2,D08,35.1000000000000000,0.50000000000000000000,40.6666666666666640,1.3965000000000000,15.4055327868852417
2,D09,35.0000000000000000,0.60000000000000000000,41.5000000000000000,1.3965000000000000,17.6816867469879531
2,D10,35.1000000000000000,0.50000000000000000000,42.3333333333333300,1.3965000000000000,18.7360236220472345
3,D01,32.0000000000000000,1.9000000000000000,34.8333333333333360,1.3965000000000000,15.7512440191387650
3,D02,34.1000000000000000,1.1000000000000000,35.6666666666666640,1.3965000000000000,8.6994859813084058
3,D03,34.1000000000000000,0.90000000000000000000,36.5000000000000000,1.3965000000000000,10.0187671232876712
3,D04,29.1000000000000000,2.2000000000000000,37.3333333333333360,1.3965000000000000,30.2829464285714331
3,D05,30.2000000000000000,2.4000000000000000,38.1666666666666640,1.3965000000000000,29.6548471615720466
3,D06,34.0000000000000000,1.2000000000000000,39.0000000000000000,1.3965000000000000,17.1174358974358965
3,D07,30.9000000000000000,1.8000000000000000,39.8333333333333360,1.3965000000000000,28.7373221757322230
3,D08,32.3000000000000000,1.5000000000000000,40.6666666666666640,1.3965000000000000,25.7247950819672104
3,D09,33.7000000000000000,1.4000000000000000,41.5000000000000000,1.3965000000000000,23.5062650602409671
3,D10,34.1000000000000000,1.3000000000000000,42.3333333333333300,1.3965000000000000,23.7372834645669230
4,D01,31.7000000000000000,1.4000000000000000,34.8333333333333360,1.3965000000000000,14.6079425837320622
4,D02,33.0000000000000000,1.4000000000000000,35.6666666666666640,1.3965000000000000,12.9582242990654186
4,D03,34.0000000000000000,1.3000000000000000,36.5000000000000000,1.3965000000000000,11.8231506849315108
4,D04,30.2000000000000000,1.5000000000000000,37.3333333333333360,1.3965000000000000,24.7180803571428603
4,D05,31.5000000000000000,1.8000000000000000,38.1666666666666640,1.3965000000000000,24.0533624454148415
4,D06,34.0000000000000000,1.2000000000000000,39.0000000000000000,1.3965000000000000,17.1174358974358998
4,D07,31.9000000000000000,1.9000000000000000,39.8333333333333360,1.3965000000000000,26.5774476987447748
4,D08,31.9000000000000000,1.4000000000000000,40.6666666666666640,1.3965000000000000,26.3649999999999950
4,D09,33.0000000000000000,1.4000000000000000,41.5000000000000000,1.3965000000000000,25.1930120481927735
4,D10,32.7000000000000000,1.2000000000000000,42.3333333333333300,1.3965000000000000,26.7144881889763723
5,D01,28.0000000000000000,1.9000000000000000,34.8333333333333360,1.3965000000000000,27.2344976076555092
5,D02,29.0000000000000000,1.7000000000000000,35.6666666666666640,1.3965000000000000,25.3478037383177547
5,D03,33.0000000000000000,1.4000000000000000,36.5000000000000000,1.3965000000000000,14.9454794520547980
5,D04,25.2000000000000000,2.6000000000000000,37.3333333333333360,1.3965000000000000,42.2256250000000064
5,D05,26.8000000000000000,3.9000000000000000,38.1666666666666640,1.3965000000000000,44.0515720524017465
5,D06,31.7000000000000000,1.3000000000000000,39.0000000000000000,1.3965000000000000,23.3729487179487198
5,D07,26.7000000000000000,2.9000000000000000,39.8333333333333360,1.3965000000000000,43.1376987447698781
5,D08,27.0000000000000000,2.8000000000000000,40.6666666666666640,1.3965000000000000,43.2218032786885208
5,D09,30.4000000000000000,1.5000000000000000,41.5000000000000000,1.3965000000000000,31.7945783132530115
5,D10,28.5000000000000000,2.3000000000000000,42.3333333333333300,1.3965000000000000,40.2644488188976305
6,D01,28.3000000000000000,2.2000000000000000,34.8333333333333360,1.3965000000000000,27.5759808612440225
6,D02,29.4000000000000000,2.1000000000000000,35.6666666666666640,1.3965000000000000,25.7924766355140158
6,D03,31.2000000000000000,1.9000000000000000,36.5000000000000000,1.3965000000000000,21.7900000000000012
6,D04,26.7000000000000000,2.4000000000000000,37.3333333333333360,1.3965000000000000,37.4596428571428604
6,D05,28.0000000000000000,2.7000000000000000,38.1666666666666640,1.3965000000000000,36.5167248908296907
6,D06,29.8000000000000000,2.0000000000000000,39.0000000000000000,1.3965000000000000,30.7512820512820493
6,D07,28.3000000000000000,2.8000000000000000,39.8333333333333360,1.3965000000000000,38.7703765690376613
6,D08,28.5000000000000000,2.8000000000000000,40.6666666666666640,1.3965000000000000,39.5332786885245872
6,D09,29.8000000000000000,2.1000000000000000,41.5000000000000000,1.3965000000000000,35.2593975903614468
6,D10,28.9000000000000000,2.2000000000000000,42.3333333333333300,1.3965000000000000,38.9896850393700704
7,D01,29.1000000000000000,2.5000000000000000,34.8333333333333360,1.3965000000000000,26.4820574162679476
7,D02,30.4000000000000000,1.7000000000000000,35.6666666666666640,1.3965000000000000,21.4225700934579424
7,D03,33.2000000000000000,1.00000000000000000000,36.5000000000000000,1.3965000000000000,12.8671232876712349
7,D04,26.2000000000000000,2.7000000000000000,37.3333333333333360,1.3965000000000000,39.9211160714285789
7,D05,27.3000000000000000,3.0000000000000000,38.1666666666666640,1.3965000000000000,39.4484716157205211
7,D06,31.8000000000000000,1.1000000000000000,39.0000000000000000,1.3965000000000000,22.4003846153846184
7,D07,27.1000000000000000,2.2000000000000000,39.8333333333333360,1.3965000000000000,39.6794142259414253
7,D08,28.7000000000000000,2.9000000000000000,40.6666666666666640,1.3965000000000000,39.3848770491803264
7,D09,30.8000000000000000,1.4000000000000000,41.5000000000000000,1.3965000000000000,30.4942168674698811
7,D10,30.0000000000000000,2.1000000000000000,42.3333333333333300,1.3965000000000000,36.0613779527558966
8,D01,31.4000000000000000,1.5000000000000000,34.8333333333333360,1.3965000000000000,15.8700956937799105
8,D02,33.4000000000000000,1.1000000000000000,35.6666666666666640,1.3965000000000000,10.6621028037383120
8,D03,33.3000000000000000,1.1000000000000000,36.5000000000000000,1.3965000000000000,12.9757534246575360
8,D04,29.2000000000000000,1.5000000000000000,37.3333333333333360,1.3965000000000000,27.3966517857142908
8,D05,30.7000000000000000,2.3000000000000000,38.1666666666666640,1.3965000000000000,27.9789082969432279
8,D06,33.9000000000000000,1.1000000000000000,39.0000000000000000,1.3965000000000000,17.0157692307692326
8,D07,30.5000000000000000,1.4000000000000000,39.8333333333333360,1.3965000000000000,28.3391631799163207
8,D08,31.6000000000000000,1.8000000000000000,40.6666666666666640,1.3965000000000000,28.4763114754098345
8,D09,32.5000000000000000,1.00000000000000000000,41.5000000000000000,1.3965000000000000,25.0518072289156635
8,D10,32.3000000000000000,1.6000000000000000,42.3333333333333300,1.3965000000000000,28.9788976377952693
9,D01,32.3000000000000000,1.1000000000000000,34.8333333333333360,1.3965000000000000,11.6827272727272809
9,D02,33.3000000000000000,0.90000000000000000000,35.6666666666666640,1.3965000000000000,10.1593925233644814
9,D03,33.1000000000000000,0.90000000000000000000,36.5000000000000000,1.3965000000000000,12.7584931506849331
9,D04,31.9000000000000000,1.4000000000000000,37.3333333333333360,1.3965000000000000,19.7904464285714371
9,D05,32.4000000000000000,1.7000000000000000,38.1666666666666640,1.3965000000000000,21.3293886462882072
9,D06,33.8000000000000000,1.2000000000000000,39.0000000000000000,1.3965000000000000,17.6302564102564099
9,D07,32.1000000000000000,1.6000000000000000,39.8333333333333360,1.3965000000000000,25.0235983263598415
9,D08,32.2000000000000000,1.3000000000000000,40.6666666666666640,1.3965000000000000,25.2838934426229465
9,D09,33.3000000000000000,1.1000000000000000,41.5000000000000000,1.3965000000000000,23.4606024096385575
9,D10,33.4000000000000000,1.3000000000000000,42.3333333333333300,1.3965000000000000,25.3908267716535363
10,D01,34.4000000000000000,0.50000000000000000000,34.8333333333333360,1.3965000000000000,3.2485645933014435
10,D02,35.5000000000000000,0.70000000000000000000,35.6666666666666640,1.3965000000000000,3.2080841121495286
10,D03,35.2000000000000000,0.40000000000000000000,36.5000000000000000,1.3965000000000000,5.0920547945205497
10,D04,32.4000000000000000,1.6000000000000000,37.3333333333333360,1.3965000000000000,19.1992857142857186
10,D05,33.0000000000000000,0.90000000000000000000,38.1666666666666640,1.3965000000000000,16.8301746724890779
10,D06,35.5000000000000000,0.60000000000000000000,39.0000000000000000,1.3965000000000000,11.1228205128205154
10,D07,34.8000000000000000,0.80000000000000000000,39.8333333333333360,1.3965000000000000,15.4406694560669520
10,D08,34.7000000000000000,0.40000000000000000000,40.6666666666666640,1.3965000000000000,16.0457377049180284
10,D09,35.3000000000000000,0.70000000000000000000,41.5000000000000000,1.3965000000000000,17.2953012048192795
10,D10,34.8000000000000000,0.40000000000000000000,42.3333333333333300,1.3965000000000000,19.1148031496062910
11,D01,34.1000000000000000,0.90000000000000000000,34.8333333333333360,1.3965000000000000,5.7134449760765645
11,D02,33.1000000000000000,1.1000000000000000,35.6666666666666640,1.3965000000000000,11.5032242990654183
11,D03,33.3000000000000000,1.3000000000000000,36.5000000000000000,1.3965000000000000,13.7409589041095935
11,D04,33.0000000000000000,1.5000000000000000,37.3333333333333360,1.3965000000000000,17.2180803571428638
11,D05,32.6000000000000000,1.1000000000000000,38.1666666666666640,1.3965000000000000,18.6099999999999936
11,D06,33.4000000000000000,1.4000000000000000,39.0000000000000000,1.3965000000000000,19.3720512820512847
11,D07,33.6000000000000000,0.80000000000000000000,39.8333333333333360,1.3965000000000000,18.4532217573221844
11,D08,33.7000000000000000,0.90000000000000000000,40.6666666666666640,1.3965000000000000,20.2217622950819642
11,D09,33.3000000000000000,0.90000000000000000000,41.5000000000000000,1.3965000000000000,22.7875903614457873
11,D10,33.7000000000000000,1.3000000000000000,42.3333333333333300,1.3965000000000000,24.6821653543307049
12,D01,24.3000000000000000,2.6000000000000000,34.8333333333333360,1.2568500000000000,40.6628708133971321
12,D02,26.8000000000000000,2.0000000000000000,32.2666666666666643,1.2568500000000000,32.6906542056074778
12,D03,28.2000000000000000,1.5000000000000000,33.1000000000000000,1.2568500000000000,28.4787671232876747
12,D04,20.9000000000000000,3.1000000000000000,33.9333333333333357,1.2568500000000000,55.6137946428571460
12,D05,21.8000000000000000,3.5000000000000000,38.1666666666666640,1.2568500000000000,55.6884279475982522
12,D06,27.4000000000000000,1.8000000000000000,35.6000000000000000,1.2568500000000000,36.1889743589743622
12,D07,22.5000000000000000,2.8000000000000000,36.4333333333333357,1.2568500000000000,53.3310460251046040
12,D08,24.5000000000000000,3.2000000000000000,37.2666666666666642,1.2568500000000000,50.7429508196721315
12,D09,26.2000000000000000,1.6000000000000000,38.1000000000000000,1.2568500000000000,42.2515662650602423
12,D10,25.0000000000000000,2.6000000000000000,42.3333333333333300,1.3965000000000000,49.5218110236220404
13,D01,27.2000000000000000,2.6000000000000000,34.8333333333333360,1.3965000000000000,32.3375119617224922
13,D02,27.7000000000000000,3.0000000000000000,35.6666666666666640,1.3965000000000000,34.0827102803738281
13,D03,27.9000000000000000,2.5000000000000000,36.5000000000000000,1.3965000000000000,33.1267123287671229
13,D04,25.4000000000000000,3.1000000000000000,37.3333333333333360,1.3965000000000000,43.5602232142857199
13,D05,25.8000000000000000,3.6000000000000000,38.1666666666666640,1.3965000000000000,45.5739737991266351
13,D06,27.4000000000000000,2.9000000000000000,39.0000000000000000,1.3965000000000000,40.1278205128205110
13,D07,26.8000000000000000,3.5000000000000000,39.8333333333333360,1.3965000000000000,44.9901673640167415
13,D08,26.2000000000000000,2.4000000000000000,40.6666666666666640,1.3965000000000000,43.8154098360655713
13,D09,28.1000000000000000,2.3000000000000000,41.5000000000000000,1.3965000000000000,40.0287951807228931
13,D10,26.8000000000000000,2.5000000000000000,42.3333333333333300,1.3965000000000000,44.9399606299212555
14,D01,19.7000000000000000,2.2000000000000000,34.8333333333333360,1.3965000000000000,40.5520574162679449
14,D02,21.4000000000000000,2.3000000000000000,32.2666666666666643,1.3965000000000000,43.2858411214953272
14,D03,26.2000000000000000,2.2000000000000000,33.1000000000000000,1.3965000000000000,38.1138082191780853
14,D04,16.1000000000000000,3.1000000000000000,33.9333333333333357,1.2568500000000000,68.4709375000000020
14,D05,19.1000000000000000,5.4000000000000000,38.1666666666666640,1.3965000000000000,69.7146724890829638
14,D06,23.2000000000000000,2.8000000000000000,35.6000000000000000,1.2568500000000000,51.2303076923076981
14,D07,18.5000000000000000,4.2000000000000000,36.4333333333333357,1.2568500000000000,66.8178481769276750
14,D08,18.8000000000000000,4.2000000000000000,37.2666666666666642,1.2568500000000000,66.9392622950819688
14,D09,22.5000000000000000,1.7000000000000000,38.1000000000000000,1.2568500000000000,50.4113654618473901
14,D10,20.9000000000000000,4.0000000000000000,42.3333333333333300,1.3965000000000000,62.8614173228346439
15,D01,23.8000000000000000,2.6000000000000000,34.8333333333333360,1.3965000000000000,39.0507986750092003
15,D02,21.6000000000000000,2.7000000000000000,34.5666666666666644,1.3965000000000000,47.1351616569840829
15,D03,26.1000000000000000,2.1000000000000000,35.4000000000000000,1.3965000000000000,33.8095702390545264
15,D04,19.2000000000000000,3.9000000000000000,36.2333333333333356,1.2568500000000000,63.1598660714285721
15,D05,19.3000000000000000,3.2000000000000000,38.1666666666666640,1.3965000000000000,61.1409606986899557
15,D06,22.3000000000000000,3.4000000000000000,37.9000000000000000,1.2568500000000000,52.6782783882783913
15,D07,22.4000000000000000,3.3000000000000000,38.7333333333333356,1.2568500000000000,53.1322008851911928
15,D08,22.8000000000000000,3.8000000000000000,39.5666666666666640,1.2568500000000000,54.8866172407441475
15,D09,24.2000000000000000,1.7000000000000000,40.4000000000000000,1.2568500000000000,45.4085344657317789
15,D10,22.8000000000000000,3.8000000000000000,42.3333333333333300,1.3965000000000000,56.7698894287150254
16,D01,11.6000000000000000,3.0000000000000000,34.8333333333333360,1.2568500000000000,78.7258373205741630
16,D02,7.3000000000000000,3.2000000000000000,32.2666666666666643,1.2568500000000000,92.0620560747663584
16,D03,16.9000000000000000,1.8000000000000000,33.1000000000000000,1.2568500000000000,60.5854794520547941
16,D04,6.8000000000000000,3.2000000000000000,33.9333333333333357,1.2568500000000000,93.7557142857142940
16,D05,11.2000000000000000,7.5000000000000000,38.1666666666666640,1.2568500000000000,98.0971615720524000
16,D06,11.3000000000000000,6.3000000000000000,35.6000000000000000,1.2568500000000000,93.5844871794871795
16,D07,8.6000000000000000,4.8000000000000000,36.4333333333333357,1.2568500000000000,95.2381589958159010
16,D08,10.7000000000000000,6.8000000000000000,37.2666666666666642,1.2568500000000000,97.0398360655737700
16,D09,12.8000000000000000,0.90000000000000000000,38.1000000000000000,1.2568500000000000,72.1851807228915636
16,D10,11.6000000000000000,7.4000000000000000,42.3333333333333300,1.3965000000000000,97.0096850393700836
17,D01,17.6000000000000000,2.6000000000000000,34.8333333333333360,1.3965000000000000,50.9878996865203761
17,D02,16.6000000000000000,3.2000000000000000,32.6666666666666642,1.3965000000000000,60.6384991753710858
17,D03,23.3000000000000000,2.1000000000000000,33.5000000000000000,1.3965000000000000,39.6424552160168611
17,D04,14.3000000000000000,3.3000000000000000,34.3333333333333357,1.3965000000000000,68.5615949675324724
17,D05,17.1000000000000000,6.3000000000000000,38.1666666666666640,1.3965000000000000,78.6295276713305368
17,D06,18.9000000000000000,4.1000000000000000,36.0000000000000000,1.3965000000000000,61.9461111111111137
17,D07,15.9000000000000000,4.7000000000000000,36.8333333333333356,1.3965000000000000,72.7316977519324879
17,D08,16.3000000000000000,4.5000000000000000,37.6666666666666642,1.3965000000000000,71.9131147540983580
17,D09,19.8000000000000000,2.2000000000000000,38.5000000000000000,1.3965000000000000,57.4271241487689905
17,D10,17.2000000000000000,5.4000000000000000,42.3333333333333300,1.3965000000000000,75.1131645030857608
18,D01,24.6000000000000000,2.8000000000000000,34.8333333333333360,1.3965000000000000,39.2081334366897478
18,D02,25.1000000000000000,2.5000000000000000,35.1666666666666644,1.3965000000000000,38.0890390085331160
18,D03,29.2000000000000000,1.8000000000000000,36.0000000000000000,1.3965000000000000,25.6257055881713421
18,D04,21.3000000000000000,4.0000000000000000,36.8333333333333360,1.3965000000000000,56.7077135493372661
18,D05,22.3000000000000000,4.1000000000000000,38.1666666666666640,1.3965000000000000,55.4282901406596259
18,D06,26.9000000000000000,2.7000000000000000,38.5000000000000000,1.3965000000000000,39.6002036199095094
18,D07,22.7000000000000000,3.2000000000000000,39.3333333333333360,1.3965000000000000,53.1862729474885428
18,D08,23.5000000000000000,4.1000000000000000,40.1666666666666640,1.3965000000000000,55.2928883867013934
18,D09,26.8000000000000000,2.5000000000000000,41.0000000000000000,1.3965000000000000,42.8770836771744509
18,D10,24.5000000000000000,3.8000000000000000,42.3333333333333300,1.3965000000000000,53.7440326209223794
19,D01,30.4000000000000000,2.6000000000000000,34.8333333333333360,1.3965000000000000,27.6495598899386048
19,D02,29.6000000000000000,2.3000000000000000,38.0666666666666640,1.3965000000000000,29.9639489897144003
19,D03,33.1000000000000000,1.8000000000000000,38.9000000000000000,1.3965000000000000,20.7685203215215674
19,D04,28.1000000000000000,2.9000000000000000,39.7333333333333360,1.3965000000000000,38.7894545807453472
19,D05,29.1000000000000000,3.6000000000000000,38.1666666666666640,1.3965000000000000,39.9849186930002202
19,D06,31.1000000000000000,2.4000000000000000,41.4000000000000000,1.3965000000000000,32.7978998778998791
19,D07,29.0000000000000000,2.7000000000000000,42.2333333333333360,1.3965000000000000,39.9677025683603412
19,D08,29.6000000000000000,3.1000000000000000,43.0666666666666646,1.3965000000000000,41.0181633429102586
19,D09,31.4000000000000000,1.6000000000000000,43.9000000000000000,1.3965000000000000,33.2896827002667189
19,D10,30.1000000000000000,3.0000000000000000,42.3333333333333300,1.3965000000000000,41.6675705298144234
20,D01,26.0000000000000000,3.0000000000000000,34.8333333333333360,1.3965000000000000,37.3861244019138784
20,D02,25.7000000000000000,2.0000000000000000,35.6666666666666640,1.3965000000000000,35.7747663551401858
20,D03,30.5000000000000000,2.9000000000000000,36.5000000000000000,1.3965000000000000,27.5338356164383572
20,D04,23.4000000000000000,3.1000000000000000,37.3333333333333360,1.3965000000000000,48.9173660714285759
20,D05,24.4000000000000000,3.9000000000000000,38.1666666666666640,1.3965000000000000,50.3397816593886456
20,D06,27.2000000000000000,2.3000000000000000,39.0000000000000000,1.3965000000000000,38.4921794871794894
20,D07,24.3000000000000000,3.4000000000000000,39.8333333333333360,1.3965000000000000,50.9157322175732259
20,D08,24.6000000000000000,3.0000000000000000,40.6666666666666640,1.3965000000000000,49.8102459016393437
20,D09,27.8000000000000000,2.5000000000000000,41.5000000000000000,1.3965000000000000,41.4246987951807247
20,D10,25.7000000000000000,2.9000000000000000,42.3333333333333300,1.3965000000000000,48.8579133858267673
21,D01,31.2000000000000000,1.8000000000000000,34.8333333333333360,1.3965000000000000,17.6469856459330207
21,D02,31.9000000000000000,1.3000000000000000,35.6666666666666640,1.3965000000000000,15.6507943925233615
21,D03,32.7000000000000000,1.2000000000000000,36.5000000000000000,1.3965000000000000,15.0021917808219200
21,D04,28.7000000000000000,2.1000000000000000,37.3333333333333360,1.3965000000000000,30.9803125000000047
21,D05,29.7000000000000000,2.6000000000000000,38.1666666666666640,1.3965000000000000,31.6966812227074203
21,D06,32.9000000000000000,1.2000000000000000,39.0000000000000000,1.3965000000000000,19.9379487179487207
21,D07,30.1000000000000000,1.5000000000000000,39.8333333333333360,1.3965000000000000,29.6939330543933114
21,D08,31.4000000000000000,1.9000000000000000,40.6666666666666640,1.3965000000000000,29.3115163934426207
21,D09,31.9000000000000000,1.2000000000000000,41.5000000000000000,1.3965000000000000,27.1706024096385562
21,D10,31.4000000000000000,1.8000000000000000,42.3333333333333300,1.3965000000000000,31.7646456692913343
22,D01,28.4000000000000000,2.1000000000000000,34.8333333333333360,1.3965000000000000,26.8879904306220150
22,D02,31.3000000000000000,2.0000000000000000,35.6666666666666640,1.3965000000000000,20.0738317757009306
22,D03,32.4000000000000000,2.1000000000000000,36.5000000000000000,1.3965000000000000,19.2675342465753449
22,D04,25.5000000000000000,2.9000000000000000,37.3333333333333360,1.3965000000000000,42.5442410714285765
22,D05,27.3000000000000000,3.7000000000000000,38.1666666666666640,1.3965000000000000,42.0097379912663761
22,D06,32.2000000000000000,1.6000000000000000,39.0000000000000000,1.3965000000000000,23.1651282051282075
22,D07,27.8000000000000000,3.3000000000000000,39.8333333333333360,1.3965000000000000,41.7785355648535599
22,D08,28.3000000000000000,2.6000000000000000,40.6666666666666640,1.3965000000000000,39.3382786885245872
22,D09,30.6000000000000000,2.0000000000000000,41.5000000000000000,1.3965000000000000,32.9951807228915677
22,D10,29.2000000000000000,2.1000000000000000,42.3333333333333300,1.3965000000000000,37.9511417322834582
23,D01,25.7000000000000000,3.4000000000000000,34.8333333333333360,1.3965000000000000,39.8510047846890013
23,D02,23.9000000000000000,2.9000000000000000,35.6666666666666640,1.3965000000000000,44.3453738317756987
23,D03,27.2000000000000000,2.2000000000000000,36.5000000000000000,1.3965000000000000,33.8967123287671229
23,D04,22.4000000000000000,3.2000000000000000,37.3333333333333360,1.3965000000000000,51.9699999999999999
23,D05,23.0000000000000000,3.4000000000000000,38.1666666666666640,1.3965000000000000,52.1784279475982513
23,D06,25.6000000000000000,3.1000000000000000,39.0000000000000000,1.3965000000000000,45.4593589743589749
23,D07,23.4000000000000000,3.1000000000000000,39.8333333333333360,1.3965000000000000,52.1233891213389147
23,D08,24.2000000000000000,3.7000000000000000,40.6666666666666640,1.3965000000000000,53.1976639344262274
23,D09,25.5000000000000000,1.9000000000000000,41.5000000000000000,1.3965000000000000,44.9478313253012032
23,D10,24.8000000000000000,3.9000000000000000,42.3333333333333300,1.3965000000000000,54.2827165354330678
24,D01,24.9000000000000000,2.5000000000000000,34.8333333333333360,1.3965000000000000,38.5394736842105306
24,D02,22.5000000000000000,2.0000000000000000,35.6666666666666640,1.3965000000000000,44.7467289719626132
24,D03,28.3000000000000000,2.0000000000000000,36.5000000000000000,1.3965000000000000,30.1178082191780833
24,D04,22.0000000000000000,2.4000000000000000,37.3333333333333360,1.3965000000000000,50.0489285714285737
24,D05,24.0000000000000000,4.4000000000000000,38.1666666666666640,1.3965000000000000,53.2172925764192112
24,D06,24.8000000000000000,3.1000000000000000,39.0000000000000000,1.3965000000000000,47.5106410256410279
24,D07,23.1000000000000000,3.0000000000000000,39.8333333333333360,1.3965000000000000,52.5259414225941427
24,D08,24.3000000000000000,4.2000000000000000,40.6666666666666640,1.3965000000000000,54.6687704918032770
24,D09,25.3000000000000000,1.3000000000000000,41.5000000000000000,1.3965000000000000,43.4107228915662644
24,D10,24.8000000000000000,4.4000000000000000,42.3333333333333300,1.3965000000000000,55.9321259842519643
25,D01,16.5000000000000000,5.2000000000000000,34.8333333333333360,1.3965000000000000,73.4788516746411512
25,D02,11.9000000000000000,4.6000000000000000,35.6666666666666640,1.3965000000000000,84.6464485981308400
25,D03,20.0000000000000000,3.0000000000000000,36.5000000000000000,1.3965000000000000,56.6835616438356163
25,D04,10.1000000000000000,4.4000000000000000,37.3333333333333360,1.3965000000000000,89.4051785714285718
25,D05,12.2000000000000000,6.2000000000000000,38.1666666666666640,1.3965000000000000,90.7204366812227108
25,D06,13.1000000000000000,5.3000000000000000,39.0000000000000000,1.3965000000000000,85.3883333333333317
25,D07,11.2000000000000000,4.4000000000000000,39.8333333333333360,1.3965000000000000,87.3086192468619276
25,D08,14.1000000000000000,6.8000000000000000,40.6666666666666640,1.3965000000000000,88.6791803278688552
25,D09,16.4000000000000000,2.2000000000000000,41.5000000000000000,1.3965000000000000,67.8850602409638545
25,D10,13.5000000000000000,6.1000000000000000,42.3333333333333300,1.3965000000000000,88.2330314960629928
26,D01,12.1000000000000000,3.4000000000000000,34.8333333333333360,1.3965000000000000,78.8940669856459310
26,D02,7.3000000000000000,4.0000000000000000,35.6666666666666640,1.3965000000000000,95.1943925233644880
26,D03,17.9000000000000000,1.9000000000000000,36.5000000000000000,1.3965000000000000,58.2283561643835623
26,D04,7.7000000000000000,4.3000000000000000,37.3333333333333360,1.3965000000000000,95.4596875000000021
26,D05,11.7000000000000000,8.3000000000000000,38.1666666666666640,1.3965000000000000,99.7142794759825293
26,D06,10.3000000000000000,6.9000000000000000,39.0000000000000000,1.3965000000000000,98.2970512820512860
26,D07,9.0000000000000000,5.6000000000000000,39.8333333333333360,1.3965000000000000,97.0386610878661109
26,D08,9.9000000000000000,6.6000000000000000,40.6666666666666640,1.3965000000000000,98.3202459016393444
26,D09,14.3000000000000000,1.9000000000000000,41.5000000000000000,1.3965000000000000,71.9357831325301220
26,D10,10.5000000000000000,7.1000000000000000,42.3333333333333300,1.3965000000000000,98.6184645669291417
27,D01,12.4000000000000000,4.2000000000000000,34.8333333333333360,1.3965000000000000,81.2400956937799066
27,D02,8.2000000000000000,4.6000000000000000,35.6666666666666640,1.3965000000000000,95.0202803738317769
27,D03,18.3000000000000000,1.7000000000000000,36.5000000000000000,1.3965000000000000,56.3672602739726037
27,D04,8.1000000000000000,5.8000000000000000,37.3333333333333360,1.3965000000000000,99.9991964285714260
27,D05,9.5000000000000000,7.1000000000000000,38.1666666666666640,1.3965000000000000,101.0877292576419200
27,D06,10.5000000000000000,6.3000000000000000,39.0000000000000000,1.3965000000000000,95.6357692307692340
27,D07,8.3000000000000000,5.7000000000000000,39.8333333333333360,1.3965000000000000,99.1465690376569030
27,D08,9.0000000000000000,6.3000000000000000,40.6666666666666640,1.3965000000000000,99.5031557377049160
27,D09,15.0000000000000000,2.7000000000000000,41.5000000000000000,1.3965000000000000,72.9410843373493983
27,D10,9.3000000000000000,6.4000000000000000,42.3333333333333300,1.3965000000000000,99.1439370078740170
28,D01,17.5000000000000000,4.2000000000000000,34.8333333333333360,1.3965000000000000,66.5989473684210574
28,D02,14.8000000000000000,4.4000000000000000,35.6666666666666640,1.3965000000000000,75.7325233644859790
28,D03,22.6000000000000000,1.8000000000000000,36.5000000000000000,1.3965000000000000,44.9690410958904086
28,D04,13.0000000000000000,4.9000000000000000,37.3333333333333360,1.3965000000000000,83.5076339285714274
28,D05,14.5000000000000000,6.4000000000000000,38.1666666666666640,1.3965000000000000,85.4260262008733675
28,D06,17.9000000000000000,5.3000000000000000,39.0000000000000000,1.3965000000000000,73.0806410256410275
28,D07,13.4000000000000000,4.7000000000000000,39.8333333333333360,1.3965000000000000,82.8373640167364039
28,D08,15.5000000000000000,6.1000000000000000,40.6666666666666640,1.3965000000000000,82.8327459016393444
28,D09,19.3000000000000000,2.3000000000000000,41.5000000000000000,1.3965000000000000,61.2336144578313285
28,D10,14.8000000000000000,5.0000000000000000,42.3333333333333300,1.3965000000000000,81.5334645669291335
29,D01,25.7000000000000000,2.7000000000000000,34.8333333333333360,1.3965000000000000,37.0446411483253654
29,D02,26.1000000000000000,2.4000000000000000,35.6666666666666640,1.3965000000000000,36.2194392523364485
29,D03,29.1000000000000000,1.6000000000000000,36.5000000000000000,1.3965000000000000,26.3956164383561654
29,D04,22.7000000000000000,3.1000000000000000,37.3333333333333360,1.3965000000000000,50.7923660714285771
29,D05,24.2000000000000000,3.9000000000000000,38.1666666666666640,1.3965000000000000,50.8637991266375541
29,D06,27.1000000000000000,2.8000000000000000,39.0000000000000000,1.3965000000000000,40.5389743589743629
29,D07,24.3000000000000000,3.3000000000000000,39.8333333333333360,1.3965000000000000,50.5651464435146473
29,D08,24.8000000000000000,3.2000000000000000,40.6666666666666640,1.3965000000000000,50.0052459016393443
29,D09,27.7000000000000000,1.9000000000000000,41.5000000000000000,1.3965000000000000,39.6466265060240969
29,D10,26.2000000000000000,3.4000000000000000,42.3333333333333300,1.3965000000000000,49.3262204724409405
30,D01,28.0000000000000000,2.1000000000000000,34.8333333333333360,1.3965000000000000,28.0363157894736921
30,D02,28.5000000000000000,1.8000000000000000,35.6666666666666640,1.3965000000000000,27.1412149532710267
30,D03,31.1000000000000000,1.5000000000000000,36.5000000000000000,1.3965000000000000,20.5335616438356196
30,D04,24.9000000000000000,2.6000000000000000,37.3333333333333360,1.3965000000000000,43.0291964285714365
30,D05,26.4000000000000000,3.3000000000000000,38.1666666666666640,1.3965000000000000,42.9042358078602593
30,D06,29.4000000000000000,1.9000000000000000,39.0000000000000000,1.3965000000000000,31.4188461538461553
30,D07,26.7000000000000000,2.3000000000000000,39.8333333333333360,1.3965000000000000,41.0341841004184125
30,D08,27.5000000000000000,2.8000000000000000,40.6666666666666640,1.3965000000000000,41.9922950819672135
30,D09,29.2000000000000000,1.5000000000000000,41.5000000000000000,1.3965000000000000,34.6861445783132547
30,D10,27.7000000000000000,2.5000000000000000,42.3333333333333300,1.3965000000000000,42.8139763779527481
31,D01,28.6000000000000000,2.0000000000000000,34.8333333333333360,1.3965000000000000,25.9129186602870858
31,D02,29.3000000000000000,2.0000000000000000,35.6666666666666640,1.3965000000000000,25.6813084112149514
31,D03,31.2000000000000000,1.7000000000000000,36.5000000000000000,1.3965000000000000,21.0247945205479458
31,D04,25.4000000000000000,2.7000000000000000,37.3333333333333360,1.3965000000000000,42.0639732142857150
31,D05,27.4000000000000000,3.2000000000000000,38.1666666666666640,1.3965000000000000,39.9182532751091685
31,D06,30.3000000000000000,2.2000000000000000,39.0000000000000000,1.3965000000000000,30.1853846153846159
31,D07,27.4000000000000000,2.5000000000000000,39.8333333333333360,1.3965000000000000,39.9780334728033468
31,D08,29.1000000000000000,2.7000000000000000,40.6666666666666640,1.3965000000000000,37.7144672131147483
31,D09,30.0000000000000000,1.6000000000000000,41.5000000000000000,1.3965000000000000,33.0949397590361457
31,D10,29.5000000000000000,2.5000000000000000,42.3333333333333300,1.3965000000000000,38.5620078740157420
32,D01,27.3000000000000000,1.8000000000000000,34.8333333333333360,1.3965000000000000,28.8431578947368456
32,D02,26.9000000000000000,2.3000000000000000,35.6666666666666640,1.3965000000000000,33.5849065420560712
32,D03,29.7000000000000000,2.4000000000000000,36.5000000000000000,1.3965000000000000,27.8126027397260264
32,D04,26.1000000000000000,3.1000000000000000,37.3333333333333360,1.3965000000000000,41.6852232142857151
32,D05,27.2000000000000000,3.5000000000000000,38.1666666666666640,1.3965000000000000,41.5399563318777283
32,D06,27.9000000000000000,2.6000000000000000,39.0000000000000000,1.3965000000000000,37.7715384615384623
32,D07,27.3000000000000000,3.0000000000000000,39.8333333333333360,1.3965000000000000,41.9820083682008396
32,D08,26.8000000000000000,2.7000000000000000,40.6666666666666640,1.3965000000000000,43.3702049180327863
32,D09,28.3000000000000000,1.9000000000000000,41.5000000000000000,1.3965000000000000,38.2008433734939774
32,D10,27.7000000000000000,3.1000000000000000,42.3333333333333300,1.3965000000000000,44.7932677165354297
33,D01,21.4000000000000000,3.8000000000000000,34.8333333333333360,1.3965000000000000,53.7991387559808633
33,D02,19.1000000000000000,3.8000000000000000,35.6666666666666640,1.3965000000000000,61.3271962616822414
33,D03,25.2000000000000000,2.2000000000000000,36.5000000000000000,1.3965000000000000,39.3761643835616459
33,D04,16.1000000000000000,3.7000000000000000,37.3333333333333360,1.3965000000000000,70.7153125000000037
33,D05,18.0000000000000000,5.0000000000000000,38.1666666666666640,1.3965000000000000,71.1331877729257656
33,D06,21.0000000000000000,4.5000000000000000,39.0000000000000000,1.3965000000000000,62.2673076923076985
33,D07,17.5000000000000000,3.4000000000000000,39.8333333333333360,1.3965000000000000,67.9868619246861952
33,D08,19.4000000000000000,5.2000000000000000,40.6666666666666640,1.3965000000000000,70.1519672131147525
33,D09,22.4000000000000000,1.9000000000000000,41.5000000000000000,1.3965000000000000,52.4177108433734938
33,D10,19.8000000000000000,4.7000000000000000,42.3333333333333300,1.3965000000000000,68.7327952755905553
34,D01,18.1000000000000000,4.2000000000000000,34.8333333333333360,1.3965000000000000,64.8764593301435442
34,D02,14.1000000000000000,4.0000000000000000,35.6666666666666640,1.3965000000000000,76.1289719626168232
34,D03,22.1000000000000000,2.8000000000000000,36.5000000000000000,1.3965000000000000,50.1649315068493170
34,D04,14.6000000000000000,5.0000000000000000,37.3333333333333360,1.3965000000000000,79.5959821428571460
34,D05,15.0000000000000000,5.2000000000000000,38.1666666666666640,1.3965000000000000,79.7252401746724878
34,D06,16.1000000000000000,5.0000000000000000,39.0000000000000000,1.3965000000000000,76.6217948717948724
34,D07,14.8000000000000000,5.2000000000000000,39.8333333333333360,1.3965000000000000,81.0756485355648569
34,D08,15.7000000000000000,5.6000000000000000,40.6666666666666640,1.3965000000000000,80.6239344262295055
34,D09,18.8000000000000000,2.2000000000000000,41.5000000000000000,1.3965000000000000,62.1019277108433742
34,D10,15.4000000000000000,5.5000000000000000,42.3333333333333300,1.3965000000000000,81.7655511811023642
35,D01,12.7000000000000000,4.5000000000000000,34.8333333333333360,1.3965000000000000,81.5815789473684210
35,D02,7.7000000000000000,4.1000000000000000,35.6666666666666640,1.3965000000000000,94.4644392523364498
35,D03,17.3000000000000000,1.00000000000000000000,36.5000000000000000,1.3965000000000000,56.4287671232876717
35,D04,6.9000000000000000,4.9000000000000000,37.3333333333333360,1.3965000000000000,99.8469196428571440
35,D05,10.1000000000000000,8.1000000000000000,38.1666666666666640,1.3965000000000000,103.1746288209606990
35,D06,11.3000000000000000,7.5000000000000000,39.0000000000000000,1.3965000000000000,97.8814102564102565
35,D07,7.2000000000000000,4.8000000000000000,39.8333333333333360,1.3965000000000000,98.7528033472803340
35,D08,10.8000000000000000,7.9000000000000000,40.6666666666666640,1.3965000000000000,100.5713524590163944
35,D09,14.3000000000000000,1.8000000000000000,41.5000000000000000,1.3965000000000000,71.5992771084337335
35,D10,10.6000000000000000,7.0000000000000000,42.3333333333333300,1.3965000000000000,98.0523622047244150
36,D01,12.8000000000000000,4.7000000000000000,34.8333333333333360,1.3965000000000000,82.0963157894736858
36,D02,7.8000000000000000,4.8000000000000000,35.6666666666666640,1.3965000000000000,96.9248598130841113
36,D03,18.4000000000000000,2.4000000000000000,36.5000000000000000,1.3965000000000000,58.7715068493150690
36,D04,7.5000000000000000,5.0000000000000000,37.3333333333333360,1.3965000000000000,98.6138392857142884
36,D05,10.5000000000000000,8.0000000000000000,38.1666666666666640,1.3965000000000000,101.7606986899563330
36,D06,9.3000000000000000,6.2000000000000000,39.0000000000000000,1.3965000000000000,98.3546153846153822
36,D07,9.5000000000000000,6.9000000000000000,39.8333333333333360,1.3965000000000000,100.3410460251046025
36,D08,7.9000000000000000,5.3000000000000000,40.6666666666666640,1.3965000000000000,98.7740573770491780
36,D09,14.9000000000000000,3.0000000000000000,41.5000000000000000,1.3965000000000000,74.1915662650602450
36,D10,9.5000000000000000,6.6000000000000000,42.3333333333333300,1.3965000000000000,99.3312598425196920
37,D01,13.2000000000000000,4.0000000000000000,34.8333333333333360,1.3965000000000000,78.1416267942583729
37,D02,8.2000000000000000,4.6000000000000000,35.6666666666666640,1.3965000000000000,95.0202803738317757
37,D03,18.1000000000000000,1.7000000000000000,36.5000000000000000,1.3965000000000000,56.9152054794520555
37,D04,7.8000000000000000,4.2000000000000000,37.3333333333333360,1.3965000000000000,94.8177678571428607
37,D05,11.5000000000000000,7.9000000000000000,38.1666666666666640,1.3965000000000000,98.7747161572052361
37,D06,10.3000000000000000,6.7000000000000000,39.0000000000000000,1.3965000000000000,97.5808974358974333
37,D07,9.3000000000000000,5.6000000000000000,39.8333333333333360,1.3965000000000000,96.2855230125523052
37,D08,10.1000000000000000,6.4000000000000000,40.6666666666666640,1.3965000000000000,97.1416393442622938
37,D09,14.9000000000000000,2.2000000000000000,41.5000000000000000,1.3965000000000000,71.4995180722891552
37,D10,10.0000000000000000,6.4000000000000000,42.3333333333333300,1.3965000000000000,97.4903937007874072
38,D01,11.7000000000000000,3.8000000000000000,34.8333333333333360,1.3965000000000000,81.6460287081339710
38,D02,6.1000000000000000,3.7000000000000000,35.6666666666666640,1.3965000000000000,97.3842523364486020
38,D03,17.5000000000000000,1.4000000000000000,36.5000000000000000,1.3965000000000000,57.4112328767123305
38,D04,7.4000000000000000,5.2000000000000000,37.3333333333333360,1.3965000000000000,99.6298214285714280
38,D05,10.1000000000000000,8.0000000000000000,38.1666666666666640,1.3965000000000000,102.8087336244541480
38,D06,10.4000000000000000,7.3000000000000000,39.0000000000000000,1.3965000000000000,99.4729487179487167
38,D07,8.3000000000000000,6.1000000000000000,39.8333333333333360,1.3965000000000000,100.5489121338912120
38,D08,8.8000000000000000,6.5000000000000000,40.6666666666666640,1.3965000000000000,100.6817622950819654
38,D09,13.8000000000000000,2.0000000000000000,41.5000000000000000,1.3965000000000000,73.4771084337349390
38,D10,10.1000000000000000,7.7000000000000000,42.3333333333333300,1.3965000000000000,101.5426377952755970
39,D01,12.6000000000000000,4.6000000000000000,34.8333333333333360,1.3965000000000000,82.2695693779904314
39,D02,8.3000000000000000,4.3000000000000000,35.6666666666666640,1.3965000000000000,93.5652803738317744
39,D03,17.9000000000000000,1.9000000000000000,36.5000000000000000,1.3965000000000000,58.2283561643835616
39,D04,6.8000000000000000,4.6000000000000000,37.3333333333333360,1.3965000000000000,98.9925892857142860
39,D05,10.5000000000000000,8.1000000000000000,38.1666666666666640,1.3965000000000000,102.1265938864628850
39,D06,10.9000000000000000,6.7000000000000000,39.0000000000000000,1.3965000000000000,96.0424358974358970
39,D07,7.6000000000000000,5.1000000000000000,39.8333333333333360,1.3965000000000000,98.8003765690376520
39,D08,9.9000000000000000,7.4000000000000000,40.6666666666666640,1.3965000000000000,101.0674590163934470
39,D09,14.7000000000000000,2.5000000000000000,41.5000000000000000,1.3965000000000000,72.9909638554216875
39,D10,10.5000000000000000,7.1000000000000000,42.3333333333333300,1.3965000000000000,98.6184645669291430
40,D01,21.3000000000000000,3.3000000000000000,34.8333333333333360,1.3965000000000000,52.0816746411483294
40,D02,20.2000000000000000,3.0000000000000000,35.6666666666666640,1.3965000000000000,55.1107476635514005
40,D03,27.3000000000000000,1.5000000000000000,36.5000000000000000,1.3965000000000000,30.9445205479452058
40,D04,17.2000000000000000,3.9000000000000000,37.3333333333333360,1.3965000000000000,68.5170089285714301
40,D05,18.8000000000000000,5.3000000000000000,38.1666666666666640,1.3965000000000000,70.1348034934497814
40,D06,21.4000000000000000,3.3000000000000000,39.0000000000000000,1.3965000000000000,56.9447435897435954
40,D07,18.2000000000000000,3.9000000000000000,39.8333333333333360,1.3965000000000000,67.9824686192468665
40,D08,19.8000000000000000,4.6000000000000000,40.6666666666666640,1.3965000000000000,67.1079508196721322
40,D09,23.5000000000000000,1.8000000000000000,41.5000000000000000,1.3965000000000000,49.4306024096385563
40,D10,20.5000000000000000,4.4000000000000000,42.3333333333333300,1.3965000000000000,66.0896062992126003
41,D01,28.7000000000000000,1.7000000000000000,34.8333333333333360,1.3965000000000000,24.4231100478468951
41,D02,28.3000000000000000,1.7000000000000000,35.6666666666666640,1.3965000000000000,27.3104205607476605
41,D03,31.4000000000000000,1.4000000000000000,36.5000000000000000,1.3965000000000000,19.3290410958904120
41,D04,27.2000000000000000,2.4000000000000000,37.3333333333333360,1.3965000000000000,36.1203571428571504
41,D05,28.1000000000000000,3.0000000000000000,38.1666666666666640,1.3965000000000000,37.3524017467248878
41,D06,29.9000000000000000,2.1000000000000000,39.0000000000000000,1.3965000000000000,30.8529487179487170
41,D07,28.4000000000000000,2.5000000000000000,39.8333333333333360,1.3965000000000000,37.4675732217573258
41,D08,28.0000000000000000,2.4000000000000000,40.6666666666666640,1.3965000000000000,39.3891803278688494
41,D09,29.9000000000000000,1.5000000000000000,41.5000000000000000,1.3965000000000000,32.9993975903614458
41,D10,28.6000000000000000,2.4000000000000000,42.3333333333333300,1.3965000000000000,40.3581102362204692
42,D01,26.7000000000000000,2.3000000000000000,34.8333333333333360,1.3965000000000000,32.5701913875598135
42,D02,25.9000000000000000,2.1000000000000000,35.6666666666666640,1.3965000000000000,35.6055607476635493
42,D03,30.2000000000000000,1.2000000000000000,36.5000000000000000,1.3965000000000000,21.8515068493150688
42,D04,23.8000000000000000,2.7000000000000000,37.3333333333333360,1.3965000000000000,46.3496875000000052
42,D05,25.3000000000000000,3.6000000000000000,38.1666666666666640,1.3965000000000000,46.8840174672489090
42,D06,27.4000000000000000,2.0000000000000000,39.0000000000000000,1.3965000000000000,36.9051282051282072
42,D07,24.9000000000000000,2.6000000000000000,39.8333333333333360,1.3965000000000000,46.6047698744769890
42,D08,25.9000000000000000,3.2000000000000000,40.6666666666666640,1.3965000000000000,47.3003278688524552
42,D09,27.9000000000000000,1.2000000000000000,41.5000000000000000,1.3965000000000000,36.8091566265060233
42,D10,26.7000000000000000,3.0000000000000000,42.3333333333333300,1.3965000000000000,46.8255905511810956
43,D01,23.7000000000000000,3.5000000000000000,34.8333333333333360,1.3965000000000000,45.9935406698564656
43,D02,23.3000000000000000,2.9000000000000000,35.6666666666666640,1.3965000000000000,46.0276168224299010
43,D03,27.5000000000000000,3.0000000000000000,36.5000000000000000,1.3965000000000000,36.1356164383561616
43,D04,20.5000000000000000,4.1000000000000000,37.3333333333333360,1.3965000000000000,60.4258482142857173
43,D05,20.7000000000000000,4.4000000000000000,38.1666666666666640,1.3965000000000000,61.8635807860261967
43,D06,24.8000000000000000,2.9000000000000000,39.0000000000000000,1.3965000000000000,46.7944871794871787
43,D07,21.3000000000000000,4.2000000000000000,39.8333333333333360,1.3965000000000000,61.2517991631799179
43,D08,22.0000000000000000,3.9000000000000000,40.6666666666666640,1.3965000000000000,59.2943032786885212
43,D09,25.4000000000000000,2.5000000000000000,41.5000000000000000,1.3965000000000000,47.2078313253012065
43,D10,23.9000000000000000,4.7000000000000000,42.3333333333333300,1.3965000000000000,59.0477559055118088
44,D01,23.3000000000000000,2.9000000000000000,34.8333333333333360,1.3965000000000000,44.7364114832535940
44,D02,22.8000000000000000,3.1000000000000000,35.6666666666666640,1.3965000000000000,48.2125700934579449
44,D03,27.8000000000000000,1.7000000000000000,36.5000000000000000,1.3965000000000000,30.3398630136986339
44,D04,20.0000000000000000,3.6000000000000000,37.3333333333333360,1.3965000000000000,59.8948214285714335
44,D05,21.6000000000000000,4.8000000000000000,38.1666666666666640,1.3965000000000000,60.9690829694323120
44,D06,25.2000000000000000,3.4000000000000000,39.0000000000000000,1.3965000000000000,47.5592307692307721
44,D07,21.7000000000000000,4.0000000000000000,39.8333333333333360,1.3965000000000000,59.5464435146443535
44,D08,21.6000000000000000,3.7000000000000000,40.6666666666666640,1.3965000000000000,59.5911065573770467
44,D09,25.1000000000000000,1.7000000000000000,41.5000000000000000,1.3965000000000000,45.2386746987951820
44,D10,23.2000000000000000,3.6000000000000000,42.3333333333333300,1.3965000000000000,57.0725984251968516
45,D01,19.2000000000000000,3.3000000000000000,34.8333333333333360,1.3965000000000000,58.1103827751196219
45,D02,17.8000000000000000,3.7000000000000000,35.6666666666666640,1.3965000000000000,64.5805140186915869
45,D03,23.1000000000000000,2.4000000000000000,36.5000000000000000,1.3965000000000000,45.8947945205479445
45,D04,15.4000000000000000,3.5000000000000000,37.3333333333333360,1.3965000000000000,71.8421875000000037
45,D05,18.5000000000000000,6.3000000000000000,38.1666666666666640,1.3965000000000000,74.5797816593886470
45,D06,19.3000000000000000,4.1000000000000000,39.0000000000000000,1.3965000000000000,65.1939743589743571
45,D07,16.6000000000000000,4.2000000000000000,39.8333333333333360,1.3965000000000000,73.0509623430962352
45,D08,18.1000000000000000,4.9000000000000000,40.6666666666666640,1.3965000000000000,72.3184836065573768
45,D09,20.9000000000000000,2.6000000000000000,41.5000000000000000,1.3965000000000000,58.3877108433734982
45,D10,18.1000000000000000,4.7000000000000000,42.3333333333333300,1.3965000000000000,72.7485433070866102
46,D01,18.8000000000000000,4.3000000000000000,34.8333333333333360,1.3965000000000000,63.2677990430622053
46,D02,17.0000000000000000,3.3000000000000000,35.6666666666666640,1.3965000000000000,65.2573364485981262
46,D03,24.2000000000000000,2.1000000000000000,36.5000000000000000,1.3965000000000000,41.7332876712328774
46,D04,13.6000000000000000,4.0000000000000000,37.3333333333333360,1.3965000000000000,78.5339285714285754
46,D05,15.8000000000000000,5.9000000000000000,38.1666666666666640,1.3965000000000000,80.1904366812227095
46,D06,20.6000000000000000,5.0000000000000000,39.0000000000000000,1.3965000000000000,65.0833333333333348
46,D07,14.8000000000000000,4.3000000000000000,39.8333333333333360,1.3965000000000000,77.9203765690376560
46,D08,17.0000000000000000,6.2000000000000000,40.6666666666666640,1.3965000000000000,79.4876229508196710
46,D09,20.9000000000000000,2.1000000000000000,41.5000000000000000,1.3965000000000000,56.7051807228915680
46,D10,18.1000000000000000,5.6000000000000000,42.3333333333333300,1.3965000000000000,75.7174803149606336
47,D01,21.2000000000000000,3.9000000000000000,34.8333333333333360,1.3965000000000000,54.7742105263157970
47,D02,18.8000000000000000,3.4000000000000000,35.6666666666666640,1.3965000000000000,60.6021495327102798
47,D03,26.0000000000000000,2.8000000000000000,36.5000000000000000,1.3965000000000000,39.4800000000000030
47,D04,16.8000000000000000,3.9000000000000000,37.3333333333333360,1.3965000000000000,69.5884375000000050
47,D05,18.6000000000000000,4.9000000000000000,38.1666666666666640,1.3965000000000000,69.1952401746724870
47,D06,20.5000000000000000,4.1000000000000000,39.0000000000000000,1.3965000000000000,62.1170512820512849
47,D07,18.0000000000000000,3.7000000000000000,39.8333333333333360,1.3965000000000000,67.7833891213389136
47,D08,19.9000000000000000,5.3000000000000000,40.6666666666666640,1.3965000000000000,69.2658606557377070
47,D09,22.3000000000000000,2.3000000000000000,41.5000000000000000,1.3965000000000000,54.0046987951807223
47,D10,20.4000000000000000,5.2000000000000000,42.3333333333333300,1.3965000000000000,68.9648818897637796
48,D01,23.2000000000000000,3.5000000000000000,34.8333333333333360,1.3965000000000000,47.4289473684210574
48,D02,22.8000000000000000,3.2000000000000000,35.6666666666666640,1.3965000000000000,48.6041121495327066
48,D03,28.1000000000000000,2.5000000000000000,36.5000000000000000,1.3965000000000000,32.5787671232876719
48,D04,20.4000000000000000,3.8000000000000000,37.3333333333333360,1.3965000000000000,59.5715178571428614
48,D05,21.5000000000000000,4.9000000000000000,38.1666666666666640,1.3965000000000000,61.5969868995633150
48,D06,25.1000000000000000,2.7000000000000000,39.0000000000000000,1.3965000000000000,45.3091025641025652
48,D07,20.7000000000000000,4.0000000000000000,39.8333333333333360,1.3965000000000000,62.0569037656903802
48,D08,21.3000000000000000,4.3000000000000000,40.6666666666666640,1.3965000000000000,62.3892213114754078
48,D09,25.0000000000000000,2.9000000000000000,41.5000000000000000,1.3965000000000000,49.5177108433734953
48,D10,22.7000000000000000,4.1000000000000000,42.3333333333333300,1.3965000000000000,59.9031102362204688
49,D01,26.2000000000000000,2.1000000000000000,34.8333333333333360,1.3965000000000000,33.2037799043062255
49,D02,27.3000000000000000,1.2000000000000000,35.6666666666666640,1.3965000000000000,28.1564485981308360
49,D03,31.6000000000000000,1.6000000000000000,36.5000000000000000,1.3965000000000000,19.5463013698630170
49,D04,23.0000000000000000,2.7000000000000000,37.3333333333333360,1.3965000000000000,48.4925446428571467
49,D05,25.1000000000000000,4.0000000000000000,38.1666666666666640,1.3965000000000000,48.8716157205240157
49,D06,28.1000000000000000,1.7000000000000000,39.0000000000000000,1.3965000000000000,34.0360256410256423
49,D07,24.7000000000000000,2.9000000000000000,39.8333333333333360,1.3965000000000000,48.1586192468619303
49,D08,26.3000000000000000,3.0000000000000000,40.6666666666666640,1.3965000000000000,45.6299180327868840
49,D09,28.6000000000000000,0.80000000000000000000,41.5000000000000000,1.3965000000000000,33.7763855421686748
49,D10,28.9000000000000000,3.2000000000000000,42.3333333333333300,1.3965000000000000,42.2885039370078710
50,D01,29.3000000000000000,1.8000000000000000,34.8333333333333360,1.3965000000000000,23.1015311004784758
50,D02,30.7000000000000000,1.6000000000000000,35.6666666666666640,1.3965000000000000,20.1899065420560702
50,D03,32.3000000000000000,1.00000000000000000000,36.5000000000000000,1.3965000000000000,15.3328767123287682
50,D04,26.4000000000000000,2.6000000000000000,37.3333333333333360,1.3965000000000000,39.0113392857142914
50,D05,27.4000000000000000,2.9000000000000000,38.1666666666666640,1.3965000000000000,38.8205676855895175
50,D06,32.1000000000000000,1.5000000000000000,39.0000000000000000,1.3965000000000000,23.0634615384615379
50,D07,28.2000000000000000,2.4000000000000000,39.8333333333333360,1.3965000000000000,37.6190794979079557
50,D08,28.8000000000000000,2.2000000000000000,40.6666666666666640,1.3965000000000000,36.7351639344262295
50,D09,31.2000000000000000,1.9000000000000000,41.5000000000000000,1.3965000000000000,31.2128915662650618
50,D10,29.9000000000000000,1.9000000000000000,42.3333333333333300,1.3965000000000000,35.6378346456692836
51,D01,32.5000000000000000,1.6000000000000000,34.8333333333333360,1.3965000000000000,13.1131100478468981
51,D02,33.5000000000000000,0.60000000000000000000,35.6666666666666640,1.3965000000000000,8.4240186915887795
51,D03,35.1000000000000000,0.50000000000000000000,36.5000000000000000,1.3965000000000000,5.7486301369863020
51,D04,29.6000000000000000,1.9000000000000000,37.3333333333333360,1.3965000000000000,27.8214732142857178
51,D05,30.1000000000000000,1.7000000000000000,38.1666666666666640,1.3965000000000000,27.3555895196506489
51,D06,34.6000000000000000,0.50000000000000000000,39.0000000000000000,1.3965000000000000,13.0724358974358980
51,D07,31.5000000000000000,1.4000000000000000,39.8333333333333360,1.3965000000000000,25.8287029288702974
51,D08,33.0000000000000000,1.4000000000000000,40.6666666666666640,1.3965000000000000,23.6600819672131125
51,D09,34.0000000000000000,0.50000000000000000000,41.5000000000000000,1.3965000000000000,19.7548192771084347
51,D10,33.7000000000000000,1.00000000000000000000,42.3333333333333300,1.3965000000000000,23.6925196850393611
52,D01,32.0000000000000000,0.90000000000000000000,34.8333333333333360,1.3965000000000000,11.7421531100478544
52,D02,32.7000000000000000,0.80000000000000000000,35.6666666666666640,1.3965000000000000,11.4500934579439207
52,D03,33.6000000000000000,1.00000000000000000000,36.5000000000000000,1.3965000000000000,11.7712328767123302
52,D04,30.1000000000000000,1.5000000000000000,37.3333333333333360,1.3965000000000000,24.9859375000000045
52,D05,30.8000000000000000,2.0000000000000000,38.1666666666666640,1.3965000000000000,26.6192139737991201
52,D06,32.9000000000000000,0.90000000000000000000,39.0000000000000000,1.3965000000000000,18.8637179487179519
52,D07,31.6000000000000000,1.4000000000000000,39.8333333333333360,1.3965000000000000,25.5776569037656960
52,D08,32.5000000000000000,1.1000000000000000,40.6666666666666640,1.3965000000000000,23.8593852459016355
52,D09,33.0000000000000000,0.70000000000000000000,41.5000000000000000,1.3965000000000000,22.8374698795180738
52,D10,33.2000000000000000,1.5000000000000000,42.3333333333333300,1.3965000000000000,26.5230314960629831
53,D01,31.8000000000000000,1.6000000000000000,34.8333333333333360,1.3965000000000000,15.1226794258373272
53,D02,33.3000000000000000,1.2000000000000000,35.6666666666666640,1.3965000000000000,11.3340186915887822
53,D03,33.6000000000000000,1.1000000000000000,36.5000000000000000,1.3965000000000000,12.1538356164383589
53,D04,30.1000000000000000,2.1000000000000000,37.3333333333333360,1.3965000000000000,27.2303125000000039
53,D05,30.2000000000000000,1.9000000000000000,38.1666666666666640,1.3965000000000000,27.8253711790392976
53,D06,33.5000000000000000,1.2000000000000000,39.0000000000000000,1.3965000000000000,18.3994871794871812
53,D07,30.5000000000000000,1.6000000000000000,39.8333333333333360,1.3965000000000000,29.0403347280334748
53,D08,31.4000000000000000,1.8000000000000000,40.6666666666666640,1.3965000000000000,28.9681147540983578
53,D09,32.6000000000000000,1.1000000000000000,41.5000000000000000,1.3965000000000000,25.1473493975903641
53,D10,32.9000000000000000,1.5000000000000000,42.3333333333333300,1.3965000000000000,27.2316929133858218
54,D01,30.5000000000000000,1.2000000000000000,34.8333333333333360,1.3965000000000000,17.2511004784689070
54,D02,32.0000000000000000,1.00000000000000000000,35.6666666666666640,1.3965000000000000,14.1957943925233582
54,D03,33.1000000000000000,1.3000000000000000,36.5000000000000000,1.3965000000000000,14.2889041095890420
54,D04,28.8000000000000000,1.9000000000000000,37.3333333333333360,1.3965000000000000,29.9643303571428617
54,D05,29.9000000000000000,2.4000000000000000,38.1666666666666640,1.3965000000000000,30.4408733624454100
54,D06,32.7000000000000000,1.1000000000000000,39.0000000000000000,1.3965000000000000,20.0926923076923078
54,D07,30.1000000000000000,1.8000000000000000,39.8333333333333360,1.3965000000000000,30.7456903765690416
54,D08,31.1000000000000000,1.3000000000000000,40.6666666666666640,1.3965000000000000,27.9888114754098312
54,D09,32.2000000000000000,1.00000000000000000000,41.5000000000000000,1.3965000000000000,25.7746987951807236
54,D10,32.6000000000000000,1.6000000000000000,42.3333333333333300,1.3965000000000000,28.2702362204724327
55,D01,27.9000000000000000,2.3000000000000000,34.8333333333333360,1.3965000000000000,29.1252153110047904
55,D02,27.8000000000000000,2.0000000000000000,35.6666666666666640,1.3965000000000000,29.8869158878504630
55,D03,31.3000000000000000,1.4000000000000000,36.5000000000000000,1.3965000000000000,19.6030136986301377
55,D04,25.5000000000000000,2.5000000000000000,37.3333333333333360,1.3965000000000000,41.0479910714285764
55,D05,26.2000000000000000,3.1000000000000000,38.1666666666666640,1.3965000000000000,42.6964628820960683
55,D06,29.9000000000000000,2.1000000000000000,39.0000000000000000,1.3965000000000000,30.8529487179487182
55,D07,26.2000000000000000,2.2000000000000000,39.8333333333333360,1.3965000000000000,41.9388284518828470
55,D08,27.6000000000000000,3.0000000000000000,40.6666666666666640,1.3965000000000000,42.4331967213114740
55,D09,29.1000000000000000,1.8000000000000000,41.5000000000000000,1.3965000000000000,35.9366265060240970
55,D10,27.7000000000000000,2.5000000000000000,42.3333333333333300,1.3965000000000000,42.8139763779527516
56,D01,27.0000000000000000,2.0000000000000000,34.8333333333333360,1.3965000000000000,30.5062200956937866
56,D02,28.8000000000000000,2.2000000000000000,35.6666666666666640,1.3965000000000000,27.8662616822429882
56,D03,32.0000000000000000,1.5000000000000000,36.5000000000000000,1.3965000000000000,18.0678082191780826
56,D04,24.4000000000000000,2.9000000000000000,37.3333333333333360,1.3965000000000000,45.4906696428571483
56,D05,26.0000000000000000,3.9000000000000000,38.1666666666666640,1.3965000000000000,46.1476419213973760
56,D06,31.1000000000000000,1.9000000000000000,39.0000000000000000,1.3965000000000000,27.0598717948717983
56,D07,26.8000000000000000,3.8000000000000000,39.8333333333333360,1.3965000000000000,46.0419246861924739
56,D08,25.9000000000000000,2.9000000000000000,40.6666666666666640,1.3965000000000000,46.2701229508196722
56,D09,29.6000000000000000,2.0000000000000000,41.5000000000000000,1.3965000000000000,35.4048192771084340
56,D10,27.7000000000000000,2.9000000000000000,42.3333333333333300,1.3965000000000000,44.1335039370078715
57,D01,31.6000000000000000,1.9000000000000000,34.8333333333333360,1.3965000000000000,16.8995693779904398
57,D02,31.9000000000000000,1.5000000000000000,35.6666666666666640,1.3965000000000000,16.4338785046728939
57,D03,31.7000000000000000,1.7000000000000000,36.5000000000000000,1.3965000000000000,19.6549315068493166
57,D04,30.8000000000000000,1.7000000000000000,37.3333333333333360,1.3965000000000000,23.8590625000000033
57,D05,31.2000000000000000,1.6000000000000000,38.1666666666666640,1.3965000000000000,24.1075982532751046
57,D06,31.8000000000000000,1.8000000000000000,39.0000000000000000,1.3965000000000000,24.9069230769230762
57,D07,31.3000000000000000,2.1000000000000000,39.8333333333333360,1.3965000000000000,28.7848953974895471
57,D08,31.4000000000000000,1.8000000000000000,40.6666666666666640,1.3965000000000000,28.9681147540983584
57,D09,31.7000000000000000,1.8000000000000000,41.5000000000000000,1.3965000000000000,29.6715662650602434
57,D10,31.3000000000000000,1.9000000000000000,42.3333333333333300,1.3965000000000000,32.3307480314960553
58,D01,31.4000000000000000,1.7000000000000000,34.8333333333333360,1.3965000000000000,16.6719138755980932
58,D02,32.4000000000000000,1.2000000000000000,35.6666666666666640,1.3965000000000000,13.8573831775700901
58,D03,33.5000000000000000,1.00000000000000000000,36.5000000000000000,1.3965000000000000,12.0452054794520577
58,D04,28.5000000000000000,2.1000000000000000,37.3333333333333360,1.3965000000000000,31.5160267857142935
58,D05,28.9000000000000000,2.2000000000000000,38.1666666666666640,1.3965000000000000,32.3291703056768545
58,D06,33.9000000000000000,1.2000000000000000,39.0000000000000000,1.3965000000000000,17.3738461538461570
58,D07,30.1000000000000000,2.0000000000000000,39.8333333333333360,1.3965000000000000,31.4468619246861976
58,D08,31.3000000000000000,1.8000000000000000,40.6666666666666640,1.3965000000000000,29.2140163934426223
58,D09,32.4000000000000000,1.4000000000000000,41.5000000000000000,1.3965000000000000,26.6387951807228944
58,D10,32.2000000000000000,1.6000000000000000,42.3333333333333300,1.3965000000000000,29.2151181102362145
59,D01,33.1000000000000000,1.00000000000000000000,34.8333333333333360,1.3965000000000000,8.9851674641148400
59,D02,34.5000000000000000,0.40000000000000000000,35.6666666666666640,1.3965000000000000,4.8371962616822383
59,D03,34.5000000000000000,0.60000000000000000000,36.5000000000000000,1.3965000000000000,7.7750684931506874
59,D04,31.3000000000000000,1.5000000000000000,37.3333333333333360,1.3965000000000000,21.7716517857142883
59,D05,32.2000000000000000,1.5000000000000000,38.1666666666666640,1.3965000000000000,21.1216157205240144
59,D06,34.4000000000000000,0.50000000000000000000,39.0000000000000000,1.3965000000000000,13.5852564102564116
59,D07,32.3000000000000000,1.00000000000000000000,39.8333333333333360,1.3965000000000000,22.4179916317991694
59,D08,33.6000000000000000,0.80000000000000000000,40.6666666666666640,1.3965000000000000,20.1242622950819651
59,D09,34.7000000000000000,0.70000000000000000000,41.5000000000000000,1.3965000000000000,18.7410843373494015
59,D10,34.7000000000000000,0.50000000000000000000,42.3333333333333300,1.3965000000000000,19.6809055118110154
60,D01,35.4000000000000000,0.20000000000000000000,34.8333333333333360,1.3965000000000000,-0.82497607655501704000
60,D02,35.4000000000000000,0.50000000000000000000,35.6666666666666640,1.3965000000000000,2.7053738317756950
60,D03,35.2000000000000000,0.30000000000000000000,36.5000000000000000,1.3965000000000000,4.7094520547945213
60,D04,32.9000000000000000,1.6000000000000000,37.3333333333333360,1.3965000000000000,17.8600000000000036
60,D05,33.0000000000000000,0.80000000000000000000,38.1666666666666640,1.3965000000000000,16.4642794759825264
60,D06,35.3000000000000000,0.40000000000000000000,39.0000000000000000,1.3965000000000000,10.9194871794871803
60,D07,35.4000000000000000,0.20000000000000000000,39.8333333333333360,1.3965000000000000,11.8308786610878712
60,D08,35.3000000000000000,0.20000000000000000000,40.6666666666666640,1.3965000000000000,13.8835245901639284
60,D09,35.5000000000000000,0.40000000000000000000,41.5000000000000000,1.3965000000000000,15.8038554216867478
60,D10,35.0000000000000000,0.20000000000000000000,42.3333333333333300,1.3965000000000000,17.9825984251968402
61,D01,32.1000000000000000,1.3000000000000000,34.8333333333333360,1.3965000000000000,13.0587081339712992
61,D02,32.6000000000000000,1.00000000000000000000,35.6666666666666640,1.3965000000000000,12.5135514018691545
61,D03,33.5000000000000000,0.80000000000000000000,36.5000000000000000,1.3965000000000000,11.2800000000000011
61,D04,31.2000000000000000,1.4000000000000000,37.3333333333333360,1.3965000000000000,21.6654464285714335
61,D05,31.8000000000000000,1.6000000000000000,38.1666666666666640,1.3965000000000000,22.5355458515283776
61,D06,33.3000000000000000,1.1000000000000000,39.0000000000000000,1.3965000000000000,18.5542307692307691
61,D07,32.2000000000000000,1.5000000000000000,39.8333333333333360,1.3965000000000000,24.4219665271966549
61,D08,32.8000000000000000,1.4000000000000000,40.6666666666666640,1.3965000000000000,24.1518852459016363
61,D09,33.0000000000000000,0.80000000000000000000,41.5000000000000000,1.3965000000000000,23.1739759036144586
61,D10,33.4000000000000000,1.4000000000000000,42.3333333333333300,1.3965000000000000,25.7207086614173156
62,D01,31.6000000000000000,1.9000000000000000,34.8333333333333360,1.3965000000000000,16.8995693779904378
62,D02,34.0000000000000000,1.2000000000000000,35.6666666666666640,1.3965000000000000,9.3714018691588760
62,D03,33.6000000000000000,1.1000000000000000,36.5000000000000000,1.3965000000000000,12.1538356164383590
62,D04,28.4000000000000000,2.1000000000000000,37.3333333333333360,1.3965000000000000,31.7838839285714339
62,D05,29.5000000000000000,2.5000000000000000,38.1666666666666640,1.3965000000000000,31.8548034934497795
62,D06,34.0000000000000000,0.90000000000000000000,39.0000000000000000,1.3965000000000000,16.0432051282051296
62,D07,30.4000000000000000,2.1000000000000000,39.8333333333333360,1.3965000000000000,31.0443096234309702
62,D08,30.9000000000000000,1.4000000000000000,40.6666666666666640,1.3965000000000000,28.8240163934426182
62,D09,33.7000000000000000,1.2000000000000000,41.5000000000000000,1.3965000000000000,22.8332530120481963
62,D10,33.0000000000000000,0.90000000000000000000,42.3333333333333300,1.3965000000000000,25.0161811023621984
63,D01,27.4000000000000000,2.4000000000000000,34.8333333333333360,1.3965000000000000,30.9615311004784728
63,D02,27.9000000000000000,2.0000000000000000,35.6666666666666640,1.3965000000000000,29.6065420560747667
63,D03,30.7000000000000000,2.1000000000000000,36.5000000000000000,1.3965000000000000,23.9250684931506824
63,D04,24.5000000000000000,2.6000000000000000,37.3333333333333360,1.3965000000000000,44.1006250000000039
63,D05,25.9000000000000000,3.5000000000000000,38.1666666666666640,1.3965000000000000,44.9460698689956296
63,D06,29.9000000000000000,2.1000000000000000,39.0000000000000000,1.3965000000000000,30.8529487179487203
63,D07,25.9000000000000000,3.0000000000000000,39.8333333333333360,1.3965000000000000,45.4966527196652728
63,D08,27.1000000000000000,3.1000000000000000,40.6666666666666640,1.3965000000000000,44.0061065573770460
63,D09,28.7000000000000000,1.6000000000000000,41.5000000000000000,1.3965000000000000,36.2274698795180707
63,D10,27.9000000000000000,3.0000000000000000,42.3333333333333300,1.3965000000000000,43.9909448818897536
64,D01,29.0000000000000000,2.4000000000000000,34.8333333333333360,1.3965000000000000,26.3682296650717790
64,D02,30.4000000000000000,1.8000000000000000,35.6666666666666640,1.3965000000000000,21.8141121495327055
64,D03,31.9000000000000000,1.9000000000000000,36.5000000000000000,1.3965000000000000,19.8721917808219173
64,D04,26.5000000000000000,2.6000000000000000,37.3333333333333360,1.3965000000000000,38.7434821428571500
64,D05,27.5000000000000000,2.9000000000000000,38.1666666666666640,1.3965000000000000,38.5585589519650640
64,D06,31.4000000000000000,1.8000000000000000,39.0000000000000000,1.3965000000000000,25.9325641025641027
64,D07,27.7000000000000000,2.3000000000000000,39.8333333333333360,1.3965000000000000,38.5237238493723904
64,D08,29.6000000000000000,2.8000000000000000,40.6666666666666640,1.3965000000000000,36.8283606557377040
64,D09,30.3000000000000000,1.7000000000000000,41.5000000000000000,1.3965000000000000,32.7085542168674706
64,D10,30.4000000000000000,2.3000000000000000,42.3333333333333300,1.3965000000000000,35.7762598425196797
65,D01,24.0000000000000000,2.8000000000000000,34.8333333333333360,1.3965000000000000,42.3259330143540740
65,D02,23.9000000000000000,3.1000000000000000,35.6666666666666640,1.3965000000000000,45.1284579439252309
65,D03,28.6000000000000000,2.9000000000000000,36.5000000000000000,1.3965000000000000,32.7393150684931534
65,D04,21.2000000000000000,3.3000000000000000,37.3333333333333360,1.3965000000000000,55.5583482142857198
65,D05,23.5000000000000000,5.0000000000000000,38.1666666666666640,1.3965000000000000,56.7227074235807840
65,D06,25.7000000000000000,3.1000000000000000,39.0000000000000000,1.3965000000000000,45.2029487179487185
65,D07,22.8000000000000000,4.2000000000000000,39.8333333333333360,1.3965000000000000,57.4861087866108797
65,D08,23.0000000000000000,3.6000000000000000,40.6666666666666640,1.3965000000000000,55.8050819672131109
65,D09,25.8000000000000000,2.5000000000000000,41.5000000000000000,1.3965000000000000,46.2439759036144605
65,D10,24.9000000000000000,4.1000000000000000,42.3333333333333300,1.3965000000000000,54.7062598425196827
66,D01,23.3000000000000000,3.2000000000000000,34.8333333333333360,1.3965000000000000,45.9391387559808647
66,D02,23.0000000000000000,2.8000000000000000,35.6666666666666640,1.3965000000000000,46.4771962616822375
66,D03,27.8000000000000000,2.3000000000000000,36.5000000000000000,1.3965000000000000,32.6354794520547984
66,D04,18.6000000000000000,3.1000000000000000,37.3333333333333360,1.3965000000000000,61.7745089285714308
66,D05,21.4000000000000000,4.8000000000000000,38.1666666666666640,1.3965000000000000,61.4931004366812197
66,D06,24.9000000000000000,3.5000000000000000,39.0000000000000000,1.3965000000000000,48.6865384615384645
66,D07,20.7000000000000000,3.7000000000000000,39.8333333333333360,1.3965000000000000,61.0051464435146456
66,D08,21.8000000000000000,4.0000000000000000,40.6666666666666640,1.3965000000000000,60.1295081967213129
66,D09,24.9000000000000000,1.9000000000000000,41.5000000000000000,1.3965000000000000,46.3936144578313232
66,D10,23.5000000000000000,4.1000000000000000,42.3333333333333300,1.3965000000000000,58.0133464566929114
67,D01,23.5000000000000000,2.8000000000000000,34.8333333333333360,1.3965000000000000,43.7613397129186648
67,D02,22.0000000000000000,3.0000000000000000,35.6666666666666640,1.3965000000000000,50.0640186915887800
67,D03,26.6000000000000000,2.4000000000000000,36.5000000000000000,1.3965000000000000,36.3057534246575360
67,D04,20.9000000000000000,3.1000000000000000,37.3333333333333360,1.3965000000000000,55.6137946428571451
67,D05,22.5000000000000000,4.6000000000000000,38.1666666666666640,1.3965000000000000,57.8792139737991224
67,D06,23.2000000000000000,3.8000000000000000,39.0000000000000000,1.3965000000000000,54.1197435897435936
67,D07,21.2000000000000000,3.1000000000000000,39.8333333333333360,1.3965000000000000,57.6464016736401695
67,D08,22.6000000000000000,4.3000000000000000,40.6666666666666640,1.3965000000000000,59.1924999999999961
67,D09,24.1000000000000000,1.9000000000000000,41.5000000000000000,1.3965000000000000,48.3213253012048213
67,D10,23.0000000000000000,4.4000000000000000,42.3333333333333300,1.3965000000000000,60.1840944881889737
68,D01,18.6000000000000000,4.5000000000000000,34.8333333333333360,1.3965000000000000,64.6437799043062237
68,D02,15.4000000000000000,4.0000000000000000,35.6666666666666640,1.3965000000000000,72.4841121495327106
68,D03,23.5000000000000000,2.8000000000000000,36.5000000000000000,1.3965000000000000,46.3293150684931520
68,D04,14.4000000000000000,4.7000000000000000,37.3333333333333360,1.3965000000000000,79.0095089285714292
68,D05,15.5000000000000000,5.9000000000000000,38.1666666666666640,1.3965000000000000,80.9764628820960714
68,D06,18.2000000000000000,5.0000000000000000,39.0000000000000000,1.3965000000000000,71.2371794871794845
68,D07,14.6000000000000000,4.6000000000000000,39.8333333333333360,1.3965000000000000,79.4742259414225946
68,D08,15.4000000000000000,5.3000000000000000,40.6666666666666640,1.3965000000000000,80.3314344262295063
68,D09,20.5000000000000000,3.1000000000000000,41.5000000000000000,1.3965000000000000,61.0340963855421686
68,D10,15.7000000000000000,5.0000000000000000,42.3333333333333300,1.3965000000000000,79.4074803149606285
69,D01,19.5000000000000000,3.9000000000000000,34.8333333333333360,1.3965000000000000,59.6545933014354118
69,D02,17.6000000000000000,3.8000000000000000,35.6666666666666640,1.3965000000000000,65.5328037383177537
69,D03,23.9000000000000000,2.6000000000000000,36.5000000000000000,1.3965000000000000,44.4682191780821931
69,D04,15.4000000000000000,4.1000000000000000,37.3333333333333360,1.3965000000000000,74.0865625000000017
69,D05,16.7000000000000000,5.0000000000000000,38.1666666666666640,1.3965000000000000,74.5393013100436713
69,D06,20.9000000000000000,4.6000000000000000,39.0000000000000000,1.3965000000000000,62.8817948717948718
69,D07,16.7000000000000000,4.5000000000000000,39.8333333333333360,1.3965000000000000,73.8516736401673673
69,D08,18.2000000000000000,5.5000000000000000,40.6666666666666640,1.3965000000000000,74.1329918032786880
69,D09,20.8000000000000000,2.7000000000000000,41.5000000000000000,1.3965000000000000,58.9651807228915695
69,D10,18.4000000000000000,5.4000000000000000,42.3333333333333300,1.3965000000000000,74.3490551181102390
70,D01,17.1000000000000000,3.2000000000000000,34.8333333333333360,1.3965000000000000,63.7381818181818200
70,D02,12.5000000000000000,3.2000000000000000,35.6666666666666640,1.3965000000000000,77.4826168224299056
70,D03,20.9000000000000000,2.0000000000000000,36.5000000000000000,1.3965000000000000,50.3917808219178091
70,D04,13.8000000000000000,4.1000000000000000,37.3333333333333360,1.3965000000000000,78.3722767857142872
70,D05,15.5000000000000000,5.6000000000000000,38.1666666666666640,1.3965000000000000,79.8787772925764158
70,D06,15.3000000000000000,5.5000000000000000,39.0000000000000000,1.3965000000000000,80.4634615384615380
70,D07,13.7000000000000000,4.2000000000000000,39.8333333333333360,1.3965000000000000,80.3312970711297083
70,D08,14.9000000000000000,5.5000000000000000,40.6666666666666640,1.3965000000000000,82.2477459016393410
70,D09,18.1000000000000000,2.2000000000000000,41.5000000000000000,1.3965000000000000,63.7886746987951814
70,D10,15.7000000000000000,6.2000000000000000,42.3333333333333300,1.3965000000000000,83.3660629921259852
71,D01,15.2000000000000000,4.7000000000000000,34.8333333333333360,1.3965000000000000,75.2063636363636414
71,D02,10.1000000000000000,4.4000000000000000,35.6666666666666640,1.3965000000000000,88.9100934579439250
71,D03,18.7000000000000000,1.5000000000000000,36.5000000000000000,1.3965000000000000,54.5061643835616455
71,D04,10.7000000000000000,5.3000000000000000,37.3333333333333360,1.3965000000000000,91.1645982142857164
71,D05,11.3000000000000000,6.1000000000000000,38.1666666666666640,1.3965000000000000,92.7126200873362445
71,D06,12.4000000000000000,6.5000000000000000,39.0000000000000000,1.3965000000000000,91.4801282051282039
71,D07,10.4000000000000000,5.0000000000000000,39.8333333333333360,1.3965000000000000,91.4205020920502109
71,D08,11.8000000000000000,6.4000000000000000,40.6666666666666640,1.3965000000000000,92.9613114754098334
71,D09,16.6000000000000000,2.6000000000000000,41.5000000000000000,1.3965000000000000,68.7491566265060266
71,D10,11.8000000000000000,6.4000000000000000,42.3333333333333300,1.3965000000000000,93.2384251968504006
72,D01,11.2000000000000000,4.4000000000000000,34.8333333333333360,1.3965000000000000,85.4868899521531090
72,D02,5.8000000000000000,4.2000000000000000,35.6666666666666640,1.3965000000000000,100.1830841121495370
72,D03,17.2000000000000000,2.0000000000000000,36.5000000000000000,1.3965000000000000,60.5287671232876735
72,D04,5.8000000000000000,5.0000000000000000,37.3333333333333360,1.3965000000000000,103.1674107142857130
72,D05,8.5000000000000000,7.6000000000000000,38.1666666666666640,1.3965000000000000,105.5372925764192170
72,D06,9.1000000000000000,7.3000000000000000,39.0000000000000000,1.3965000000000000,102.8062820512820560
72,D07,6.5000000000000000,5.5000000000000000,39.8333333333333360,1.3965000000000000,102.9642259414225930
72,D08,8.0000000000000000,6.9000000000000000,40.6666666666666640,1.3965000000000000,104.0225819672131150
72,D09,13.3000000000000000,2.3000000000000000,41.5000000000000000,1.3965000000000000,75.6914457831325316
72,D10,9.2000000000000000,7.6000000000000000,42.3333333333333300,1.3965000000000000,103.3387401574803230
73,D01,13.4000000000000000,5.1000000000000000,34.8333333333333360,1.3965000000000000,81.9774641148325348
73,D02,7.4000000000000000,4.0000000000000000,35.6666666666666640,1.3965000000000000,94.9140186915887848
73,D03,18.4000000000000000,2.1000000000000000,36.5000000000000000,1.3965000000000000,57.6236986301369888
73,D04,7.6000000000000000,4.8000000000000000,37.3333333333333360,1.3965000000000000,97.5978571428571400
73,D05,9.5000000000000000,6.7000000000000000,38.1666666666666640,1.3965000000000000,99.6241484716157245
73,D06,9.6000000000000000,6.2000000000000000,39.0000000000000000,1.3965000000000000,97.5853846153846166
73,D07,7.7000000000000000,5.1000000000000000,39.8333333333333360,1.3965000000000000,98.5493305439330530
73,D08,10.4000000000000000,7.7000000000000000,40.6666666666666640,1.3965000000000000,100.8681557377049130
73,D09,14.5000000000000000,2.4000000000000000,41.5000000000000000,1.3965000000000000,73.1363855421686760
73,D10,9.9000000000000000,6.7000000000000000,42.3333333333333300,1.3965000000000000,98.7162598425196882
74,D01,12.1000000000000000,4.6000000000000000,34.8333333333333360,1.3965000000000000,83.7049760765550225
74,D02,6.1000000000000000,4.3000000000000000,35.6666666666666640,1.3965000000000000,99.7335046728971944
74,D03,16.0000000000000000,0.90000000000000000000,36.5000000000000000,1.3965000000000000,59.6078082191780833
74,D04,6.3000000000000000,5.1000000000000000,37.3333333333333360,1.3965000000000000,102.2021875000000010
74,D05,9.1000000000000000,7.8000000000000000,38.1666666666666640,1.3965000000000000,104.6970305676855910
74,D06,10.0000000000000000,8.2000000000000000,39.0000000000000000,1.3965000000000000,103.7212820512820550
74,D07,7.5000000000000000,5.7000000000000000,39.8333333333333360,1.3965000000000000,101.1549372384937215
74,D08,8.7000000000000000,6.9000000000000000,40.6666666666666640,1.3965000000000000,102.3012704918032790
74,D09,13.6000000000000000,2.3000000000000000,41.5000000000000000,1.3965000000000000,74.9685542168674730
74,D10,9.1000000000000000,7.3000000000000000,42.3333333333333300,1.3965000000000000,102.5853149606299280
75,D01,13.6000000000000000,4.8000000000000000,34.8333333333333360,1.3965000000000000,80.2005741626794280
75,D02,9.6000000000000000,4.1000000000000000,35.6666666666666640,1.3965000000000000,89.1373364485981270
75,D03,20.2000000000000000,2.0000000000000000,36.5000000000000000,1.3965000000000000,52.3095890410958916
75,D04,8.0000000000000000,5.3000000000000000,37.3333333333333360,1.3965000000000000,98.3967410714285700
75,D05,10.0000000000000000,7.3000000000000000,38.1666666666666640,1.3965000000000000,100.5094759825327490
75,D06,13.9000000000000000,6.6000000000000000,39.0000000000000000,1.3965000000000000,87.9920512820512830
75,D07,8.6000000000000000,5.5000000000000000,39.8333333333333360,1.3965000000000000,97.6922594142259420
75,D08,11.1000000000000000,7.6000000000000000,40.6666666666666640,1.3965000000000000,98.8034426229508214
75,D09,15.8000000000000000,2.4000000000000000,41.5000000000000000,1.3965000000000000,70.0038554216867480
75,D10,11.1000000000000000,7.0000000000000000,42.3333333333333300,1.3965000000000000,96.8712598425196836
76,D01,21.4000000000000000,2.8000000000000000,34.8333333333333360,1.3965000000000000,49.7900478468899577
76,D02,19.3000000000000000,2.7000000000000000,35.6666666666666640,1.3965000000000000,56.4594859813084095
76,D03,25.1000000000000000,1.5000000000000000,36.5000000000000000,1.3965000000000000,36.9719178082191808
76,D04,17.1000000000000000,3.7000000000000000,37.3333333333333360,1.3965000000000000,68.0367410714285732
76,D05,19.3000000000000000,5.3000000000000000,38.1666666666666640,1.3965000000000000,68.8247598253275064
76,D06,21.9000000000000000,4.2000000000000000,39.0000000000000000,1.3965000000000000,58.8853846153846191
76,D07,19.2000000000000000,3.9000000000000000,39.8333333333333360,1.3965000000000000,65.4720083682008384
76,D08,20.1000000000000000,4.5000000000000000,40.6666666666666640,1.3965000000000000,66.0268442622950840
76,D09,22.4000000000000000,1.5000000000000000,41.5000000000000000,1.3965000000000000,51.0716867469879531
76,D10,20.6000000000000000,4.9000000000000000,42.3333333333333300,1.3965000000000000,67.5027952755905500
77,D01,22.7000000000000000,3.3000000000000000,34.8333333333333360,1.3965000000000000,48.0625358851674720
77,D02,22.4000000000000000,2.8000000000000000,35.6666666666666640,1.3965000000000000,48.1594392523364420
77,D03,28.3000000000000000,2.2000000000000000,36.5000000000000000,1.3965000000000000,30.8830136986301381
77,D04,18.7000000000000000,3.3000000000000000,37.3333333333333360,1.3965000000000000,62.2547767857142881
77,D05,20.9000000000000000,5.1000000000000000,38.1666666666666640,1.3965000000000000,63.9008296943231467
77,D06,25.8000000000000000,3.6000000000000000,39.0000000000000000,1.3965000000000000,46.7369230769230783
77,D07,20.2000000000000000,3.9000000000000000,39.8333333333333360,1.3965000000000000,62.9615481171548127
77,D08,20.9000000000000000,4.3000000000000000,40.6666666666666640,1.3965000000000000,63.3728278688524574
77,D09,24.4000000000000000,1.7000000000000000,41.5000000000000000,1.3965000000000000,46.9254216867469894
77,D10,21.9000000000000000,4.0000000000000000,42.3333333333333300,1.3965000000000000,61.4629921259842562
78,D01,32.0000000000000000,1.4000000000000000,34.8333333333333360,1.3965000000000000,13.7466985645933087
78,D02,32.5000000000000000,1.2000000000000000,35.6666666666666640,1.3965000000000000,13.5770093457943883
78,D03,33.3000000000000000,1.2000000000000000,36.5000000000000000,1.3965000000000000,13.3583561643835634
78,D04,30.6000000000000000,1.7000000000000000,37.3333333333333360,1.3965000000000000,24.3947767857142913
78,D05,31.6000000000000000,1.6000000000000000,38.1666666666666640,1.3965000000000000,23.0595633187772878
78,D06,32.8000000000000000,0.90000000000000000000,39.0000000000000000,1.3965000000000000,19.1201282051282035
78,D07,32.2000000000000000,1.4000000000000000,39.8333333333333360,1.3965000000000000,24.0713807531380808
78,D08,32.9000000000000000,1.7000000000000000,40.6666666666666640,1.3965000000000000,24.9361885245901611
78,D09,32.8000000000000000,1.2000000000000000,41.5000000000000000,1.3965000000000000,25.0019277108433757
78,D10,32.7000000000000000,1.1000000000000000,42.3333333333333300,1.3965000000000000,26.3846062992125911
79,D01,29.5000000000000000,2.2000000000000000,34.8333333333333360,1.3965000000000000,24.1310047846890011
79,D02,30.2000000000000000,1.9000000000000000,35.6666666666666640,1.3965000000000000,22.7664018691588768
79,D03,31.6000000000000000,1.2000000000000000,36.5000000000000000,1.3965000000000000,18.0158904109589061
79,D04,27.7000000000000000,2.6000000000000000,37.3333333333333360,1.3965000000000000,35.5291964285714330
79,D05,27.7000000000000000,2.7000000000000000,38.1666666666666640,1.3965000000000000,37.3027510917030546
79,D06,30.9000000000000000,2.2000000000000000,39.0000000000000000,1.3965000000000000,28.6469230769230788
79,D07,27.9000000000000000,2.3000000000000000,39.8333333333333360,1.3965000000000000,38.0216317991631829
79,D08,29.3000000000000000,2.7000000000000000,40.6666666666666640,1.3965000000000000,37.2226639344262260
79,D09,30.7000000000000000,1.7000000000000000,41.5000000000000000,1.3965000000000000,31.7446987951807253
79,D10,29.9000000000000000,2.2000000000000000,42.3333333333333300,1.3965000000000000,36.6274803149606246
80,D01,32.1000000000000000,0.70000000000000000000,34.8333333333333360,1.3965000000000000,10.6532535885167538
80,D02,31.8000000000000000,0.70000000000000000000,35.6666666666666640,1.3965000000000000,13.5819158878504611
80,D03,33.1000000000000000,0.50000000000000000000,36.5000000000000000,1.3965000000000000,11.2280821917808215
80,D04,30.1000000000000000,1.6000000000000000,37.3333333333333360,1.3965000000000000,25.3600000000000040
80,D05,31.3000000000000000,1.9000000000000000,38.1666666666666640,1.3965000000000000,24.9432751091703008
80,D06,32.3000000000000000,1.1000000000000000,39.0000000000000000,1.3965000000000000,21.1183333333333330
80,D07,31.9000000000000000,1.00000000000000000000,39.8333333333333360,1.3965000000000000,23.4221757322175780
80,D08,32.4000000000000000,1.4000000000000000,40.6666666666666640,1.3965000000000000,25.1354918032786851
80,D09,32.3000000000000000,0.50000000000000000000,41.5000000000000000,1.3965000000000000,23.8512048192771085
80,D10,32.7000000000000000,1.7000000000000000,42.3333333333333300,1.3965000000000000,28.3638976377952683
81,D01,32.1000000000000000,0,34.8333333333333360,0,0
81,D02,0,0,0,0,0
81,D03,0,0,0,0,0
81,D04,0,0,0,0,0
81,D05,31.3000000000000000,0,38.1666666666666640,0,0
81,D06,0,0,0,0,0
81,D07,0,0,0,0,0
81,D08,0,0,0,0,0
81,D09,0,0,0,0,0
81,D10,32.7000000000000000,0,42.3333333333333300,0,0
